login,name,email,bio,company,blog,location,merged,merged_by,orgs,country
brettz9,Brett Zamir,,,,http://brett-zamir.me,"Shenzhen, China",False,,['passport-next'],china
brettz9,Brett Zamir,,,,http://brett-zamir.me,"Shenzhen, China",False,,['passport-next'],china
jomaxx,Josef Maxx Blake,,,Spotify,http://jomaxx.com,"New York, NY",False,,[],united states
j2kenton,Jonathan Kenton,,,Rapaport,,Israel,False,,[],israel
stevemao,Steve Mao,,https://www.cthroo.com,@Cthroo & @fp-works,https://twitter.com/MaoStevemao,Sydney,False,,"['webcomponents', 'browserify', 'EpicGames', 'FingerActions', 'nodejs', 'conventional-changelog', 'so-fancy', 'left-pad', 'styled-components', 'so-classic', 'you-dont-need', 'all-about-cats', 'dog-pad', 'maintainers', 'conventional-commits', 'cthroo', 'fp-works']",australia
willsmythe,Will Smythe,will.smythe@gmail.com,,Microsoft,,"Raleigh, North Carolina",False,,[],united states
josephlin55555,Joseph Lin,josephlin55555@gmail.com,,,https://www.linkedin.com/in/josephlin5,"New York, NY",False,,[],united states
zzyou,Zhenzhen You,,"Software Engineer@Pantheon/ Graduate@Techtonica/ JavaScript, Node, React, MySQL, MongoDB, Express, D3, Sass, Bootstrap, Materialize, jQuery, OAuth",,https://www.linkedin.com/in/zhenzhenyou/,San Francisco Bay Area,False,,['pantheon-systems'],undefined
oscarmorrison,Oscar Morrison,github@oscarmorrison.com,"Software Engineer 🐟 JS, iOS, Raspberry Pi, Arduino, OSS, Chess, WWDC Scholar ♖ 🌏 ✈️ 🏍 🇦🇺",@Tettra ,https://oscarmorrison.com,"Melbourne, Aus",False,,[],australia
josephlin55555,Joseph Lin,josephlin55555@gmail.com,,,https://www.linkedin.com/in/josephlin5,"New York, NY",False,,[],united states
zanarmstrong,zan,,,,,san francisco,True,mbostock,[],united states
abranhe,Abraham Hernandez,abraham@abranhe.com,bio.js:719                 throw err;                   ^,The All ▲lgorithms Project,https://abranhe.com,"Earth, Mars sometimes",False,,"['collective', 'phimpme', 'opensourcedesign', 'fossasia', 'EpicGames', 'OpnTec', 'ffii', 'loklak', 'PHPMap', 'DevvitIO', 'tryhtml', 'AllAlgorithms', 'TheHurricanes', 'Horuga', 'gitdotio', 'MDCblue', 'abranhe-forks']",undefined
agarbuno,Alfredo Garbuno Iñigo,,"Bayesian stats, Machine learning, Gaussian processes, MCMC, Bayesian nonparametrics, Kernel Methods",Caltech,agarbuno.github.io,"Pasadena, CA",False,,[],united states
nnmmyes,Job Ejimiwhokwo Vote,,,@jinul.com,www.jinul.com,@github.com,False,,[],kosovo
dipendra-n,Dipendra Namdeo,,"UX Designer at @Microsoft. Previous: @Amzn, IIT Guwahati",@Microsoft ,,Milky Way,False,,[],undefined
curran,Curran Kelleher,curran@datavis.tech,Fascinated by visual presentation of data as a means to understand the world better and communicate that understanding to others.,@datavis-tech,https://datavis.tech,Remote,True,mbostock,"['UMLComputerGraphics', 'datavis-tech']",undefined
ghost,Deleted user,,"Hi, I'm @ghost! I take the place of user accounts that have been deleted.
:ghost:
",,,"Nothing to see here, move along.",False,,[],kosovo
firepunch,MiRim Yu,firepunch119@gmail.com,🦅 🦅,,,"Seoul, South Korea",False,,[],"""korea"
eglassman,Elena Glassman,elena.glassman@gmail.com,Assistant Professor of Computer Science at Harvard University @HSEAS and @RadInstitute (1/1/19). MIT EECS PhD'16.,Harvard University,http://eglassman.github.io/,United States,True,mbostock,[],united states
micahstubbs,Micah Stubbs,micah.stubbs@gmail.com,visual intuition for machine learning | all things #d3js #WebXR graph data | explorer of uncharted design spaces,,twitter.com/micahstubbs,Silicon Valley,False,,"['visjs', 'intentive', 'houstondatavis', 'visjs-community']",undefined
oller,David Ollerhead,,Building internets in London,,http://davidollerhead.com,London,True,mbostock,['audiencetradingplatform'],united kingdom
nunoarruda,Nuno Arruda,nuno@nunoarruda.com,"Front-end Angular developer with a passion to bring ideas to life. I ♥ technology, music, and traveling.",,https://nunoarruda.com,Remote,False,,['ProximityLab'],undefined
askmike,Mike van Rossum,,,,http://mikevanrossum.nl/,userland,True,mbostock,[],undefined
ffosilva,Fábio Silva,fabio.fernando.osilva@gmail.com,Software Developer & Master's Student @ Distributed Systems Lab. (UFCG),Federal University of Campina Grande,http://ffosilva.github.io,"Campina Grande, PB",True,mbostock,['ufcg-lsd'],brazil
Kyeongan,Karl Kwon,newmkka@gmail.com,,,kyeongan.github.io,New York City,False,,[],united states
jefkoslowski,Jeferson Koslowski,jef.koslowski@gmail.com,,DOT digital group,http://jefk.io/,Florianópolis,True,mbostock,[],undefined
piq9117,Ken Aguilar,piq9117@gmail.com,"Lover of typed FP
",,piq9117.me,Texas,False,,"['CodeRGV', 'codergvbrownsville']",united states
curran,Curran Kelleher,curran@datavis.tech,Fascinated by visual presentation of data as a means to understand the world better and communicate that understanding to others.,@datavis-tech,https://datavis.tech,Remote,True,mbostock,"['UMLComputerGraphics', 'datavis-tech']",undefined
Wombatpm,Wombatpm,,,,,"Unremarkable planet around a yellow sun, Mostly Harmless",False,,[],undefined
Wombatpm,Wombatpm,,,,,"Unremarkable planet around a yellow sun, Mostly Harmless",False,,[],undefined
caravinden,Aravind Cheekkallur,caravinden@gmail.com,A visual story teller. ,PointCross.com Pvt Ltd,http://in.linkedin.com/pub/aravind-cheekkallur/66/841/a1a/,Banglore,False,,['jSpike'],undefined
curran,Curran Kelleher,curran@datavis.tech,Fascinated by visual presentation of data as a means to understand the world better and communicate that understanding to others.,@datavis-tech,https://datavis.tech,Remote,True,mbostock,"['UMLComputerGraphics', 'datavis-tech']",undefined
curran,Curran Kelleher,curran@datavis.tech,Fascinated by visual presentation of data as a means to understand the world better and communicate that understanding to others.,@datavis-tech,https://datavis.tech,Remote,True,mbostock,"['UMLComputerGraphics', 'datavis-tech']",undefined
Hental,tao.liu,liutao_dev@outlook.com,Talk & Think,,,Shanghai / China,False,,[],china
gunins,Guntars Simanskis,guntars@diamondgraphics.ie,,,http://ie.linkedin.com/in/guntarssimanskis/,Ireland,False,,[],ireland
isaacl,Isaac Levy,isaac.r.levy@gmail.com,,,http://about.me/isaaclevy,"Vermont, USA",False,,['lichess-org'],united states
zdenekhynek,Zdenek Hynek,zdenek.hynek@gmail.com,,,zdenek.xyz,"London, UK",False,,[],united kingdom
lukasappelhans,Lukas Appelhans,,,,,The interwebs,True,mbostock,"['Paperdreamer', 'newsappsio']",undefined
sunrize531,Ivan Filimonov,,,ZeroLight,,"Newcastle, UK",False,,[],australia
thejonan,Ivan Georgiev,,,,,"Sofia, Bulgaria",False,,[],bulgaria
ghost,Deleted user,,"Hi, I'm @ghost! I take the place of user accounts that have been deleted.
:ghost:
",,,"Nothing to see here, move along.",False,,[],kosovo
timruffles,Tim Ruffles,,,,https://timr.co,UK,False,,"['chaijs', 'funjsldn']",undefined
sztanko,Demeter Sztanko,sztanko@gmail.com,,,http://about.me/sztanko,London,False,,[],united kingdom
jshen212,Jeff Shen,jeffshen86@gmail.com,,,https://www.linkedin.com/in/jeffshen86,"Los Angeles, CA",False,,"['MKS32spiderman', 'TownHalls']",united states
ferlores,Fernando Lores,ferlores@gmail.com,,,,"San Francisco, California",True,mbostock,"['nko3', 'Nodejs-ar']",united states
IeuanG,Ieuan Griffiths,,,,,United Kingdom,False,,[],united kingdom
aqnouch,AQNOUCH Mohammed,aqnouch.mohammed@gmail.com,"Guess what, I'm a programmer.",Groupe Omnidata - Dial Technologies ,https://aqnouch.com,Casablanca,False,,[],morocco
lokesh005,LOKESH TODWAL,lokeshtodwal005@gmail.com,Data Scientist | Data Engineer,,https://www.linkedin.com/in/lokeshtodwal/,"Bengaluru, Karnataka, India",False,,[],india
jharveymerkle,John Harvey,,"I am a Full Stack Web Developer with over 20 years of experience. Currently, I work in the Marketing and Advertising Industry for Merkle in Charlottesville, VA.","Merkle, Inc.",https://www.merkleinc.com,"Charlottesville, VA",False,,[],united states
cssherry,Sherry Zhou,,,,http://cssherry.com/,San Francisco,True,mbostock,[],united states
jfrickson,John C. Frickson,john@frickson.us,,,,"Minneapolis, MN",False,,[],united states
fishbar,fisher,,,Alibaba,,HangZhou  China,False,,"['TBEDP', 'cnodejs', 'estools2']",undefined
Wombatpm,Wombatpm,,,,,"Unremarkable planet around a yellow sun, Mostly Harmless",False,,[],undefined
cscheid,Carlos Scheidegger,,"humans, data, computers, vis",University of Arizona,http://cscheid.net,"Tucson, AZ",False,,['hdc-arizona'],united states
nicksrandall,Nick Randall,,❤️  JavaScript ❤️  Golang ❤️  OSS,Bloomberg LP,www.nickrandall.com,"New York, NY",False,,"['kotojs', 'graph-gophers']",united states
ppeterka,ppeterka,,,,http://ppeterka.hu,Hungary,True,mbostock,[],hungary
n1n9-jp,Yuichi Yazaki,,"Code For Tokyo / Data Visualization Japan
https://www.facebook.com/yuichi.yazaki
https://twitter.com/yuichiyazaki",Notation LLC,http://notation.co.jp/,Tokyo Japan,True,mbostock,"['codeforjapan', 'RaceForResilience', 'ISAC2014-TEAM4', 'visualizing', 'codefortokyo', 'DataVisualizationJapan']",undefined
jakerichan,Jake Richan,jake.richan@gmail.com,,Kuali,,Utah,False,,[],united states
rubenv,Ruben Vermeersch,ruben@rocketeer.be,,,https://rocketeer.be,Belgium,False,,['mono'],belgium
linhphi9x94,LinhPhi,linhphi9x94@gmail.com,XDAVN ,,http://forum.xdavn.com,Vietnam,False,,"['ColorOSVN', 'GreenOS', 'MarshRom', 'BlurOS']",vietnam
andreasplesch,Andreas Plesch,,,Earthstruct,,"Waltham, MA",False,,[],united states
xile611,xile611,dingling112@gmail.com,,,,Hang Zhou,False,,['recharts'],undefined
greut,Yoan Blanc,@greut,"Previously @exoscale, @HE-Arc, @CPLN, EPFL Alumnus",,http://yoan.dosimple.ch/,Switzerland,False,,"['HE-Arc', 'inveniosoftware', 'sweng-epfl-2013', 'CERNDocumentServer', 'CPLN', 'coursweb']",switzerland
flowercat07,Flower Cat,flowercat07@gmail.com,,,,Seoul,False,,[],"""korea"
hughes,Matt Hughes,,"Canadian expat, York University grad. Software at SpaceX & formerly @TopHatMonocle. Endlessly curious.",,http://www.matthughes.info,"Los Angeles, CA",False,,[],united states
kkirsche,Kevin Kirsche,,"Security Architect, Penetration Tester, and Exploit Developer #OSCP, #OSWP, #OSCE",Verizon,https://deceiveyour.team,::1,False,,"['lostisland', 'rubyloco']",kosovo
pgilad,Gilad Peleg,gilad@giladpeleg.com,"""Give me six hours to chop down a tree and I will spend the first four sharpening the axe.""  (Abraham Lincoln)",@Blazemeter ,https://www.giladpeleg.com,"Tel Aviv, Israel",True,mbostock,"['Blazemeter', 'AmpersandJS', 'gatsbyjs']",israel
cvrebert,Chris Rebert,,"@twbs Bootstrap Core Team member.
Web browser hater.
PLT enthusiast.
Believer in infrastructure.",@GoogleCloudPlatform,http://chrisrebert.com,"SF Bay Area, California, USA",True,mbostock,"['w3c', 'google', 'whatwg', 'twbs', 'browser-bugs']",united states
pietersv,Pieter Sheth-Voss,,,protobi,http://www.protobi.com,"Cambridge, MA",False,,[],new zealand
sghall,Steve Hall,,@DelimitedTech,,,"San Francisco, CA",False,,"['bluedotlab', 'delimited-technologies', 'react-tools']",united states
natevw,Nathan Vander Wilt,,,Freelance app/library developer,http://exts.ch,"Tri-Cities, WA",False,,['calftrail'],ghana
natevw,Nathan Vander Wilt,,,Freelance app/library developer,http://exts.ch,"Tri-Cities, WA",False,,['calftrail'],ghana
natevw,Nathan Vander Wilt,,,Freelance app/library developer,http://exts.ch,"Tri-Cities, WA",False,,['calftrail'],ghana
boJackEden,Eden,mazzolaeden@gmail.com,,,http://www.bojackeden.com,San Francisco ,False,,[],united states
rcchen,Roger Chen,,,Palantir Technologies,http://rogr.me/,"Palo Alto, CA",False,,[],united states
e-,Jaemin Jo,jmjo@hcil.snu.ac.kr,,"HCI Laboratory, Seoul National University",https://www.jaeminjo.com,"Seoul, Korea",True,mbostock,"['snucse', 'SNU-HCIL']","""korea"
jasonly,Jason Ly,jason.ly@gmail.com,What just happened?,,,"San Jose, CA",False,,[],philippines
robinhouston,Robin Houston,robin.houston@gmail.com,,Kiln,http://bosker.wordpress.com/,London,False,,[],united kingdom
natevw,Nathan Vander Wilt,,,Freelance app/library developer,http://exts.ch,"Tri-Cities, WA",False,,['calftrail'],ghana
tarioch,Patrick Ruckstuhl,,,,,Switzerland,False,,[],switzerland
jasondavies,Jason Davies,jason@jasondavies.com,,,https://www.jasondavies.com/,"London, UK",True,mbostock,"['apache', 'plutomonkey']",united kingdom
tobgu,Tobias Gustafsson,tobias.l.gustafsson@gmail.com,Constantly amazed by how much a computer can achieve when programmed well and how little it achieves when programmed badly...,,,"Stockholm, Sweden",False,,['TriOptima'],sweden
hyunkim9123,Hyun IL (Paul) Kim,hyunkim9123@gmail.com,,LG electronics,,"Seoul, Korea",False,,[],"""korea"
jasondavies,Jason Davies,jason@jasondavies.com,,,https://www.jasondavies.com/,"London, UK",True,mbostock,"['apache', 'plutomonkey']",united kingdom
skywinder,Petr Korolev,sky4winder+github@gmail.com,Write the code. Change the world.,@matter-labs ,https://www.linkedin.com/in/korolevpetr,"San Francisco, California",False,,"['coderwall-python', 'CocoaHeadsMsk', 'Moya', 'maintainers', 'github-changelog-generator', 'matter-labs', 'zdai-io', 'copperbits']",united states
Caster,Thom Castermans,,,,http://www.denvelop.nl/,Netherlands,False,,[],netherlands
mrblueblue,Jonathan Huang,grokut@gmail.com,,@Netflix,http://levity.io,San Francisco,True,mbostock,['hackreactor'],united states
wcwung,William Wung,,,,,"San Francisco, CA",True,mbostock,['hackreactor-lastmile'],united states
jasondavies,Jason Davies,jason@jasondavies.com,,,https://www.jasondavies.com/,"London, UK",False,,"['apache', 'plutomonkey']",united kingdom
wilg,Wil Gieseler,,Best possible human!,@looker ,http://wilgieseler.com,San Francisco,False,,"['looker', 'videovillage']",united states
ericandrewlewis,Eric Lewis,eric.andrew.lewis@gmail.com,,Software Engineer @google,http://www.ericandrewlewis.com,"New York, NY",False,,[],united states
RudolfHattenkofer,Rudolf Hattenkofer,rudolf@geardev.de,,,,"Munich, Germany",False,,[],germany
vladh,Vlad-Ștefan Harbuz,,"#1 cat + bird fan. MSc CBB ETH Zürich, BSc CS at the University of Manchester. Like writing music, art, languages, and cats.",@Phyramid @submodule ,https://vladh.net,Basel,False,,"['Phyramid', 'optimamodel', 'DataScienceForGood', 'atomicateam', 'sciris', 'submodule', 'Kleinhafen']",switzerland
wassx,Stefan Wasserbauer,,,,,Austria,False,,[],austria
arjenvanoostrum,Arjen van Oostrum,,,Arpra,arpra.nl,"Utrecht, Netherlands",True,mbostock,[],netherlands
JoshSGman,Joshua Goldberg,,,Meru Labs,http://www.joshsgman.com,New York,False,,[],united states
brett-miller,Brett Miller,,,Expedia,,Seattle,False,,[],united states
vsn4ik,Vasilii Artemchuk,vsn4ik@yandex.ru,Frontend Developer,Avito,https://vsn4ik.github.io,"Moscow, Russia",False,,['uxsolutions'],russia
tpreusse,Thomas Preusse,,,,t.preus.se,Switzerland,False,,['orbiting'],switzerland
christophe-g,christophe geiser,,create stuff - love life,preignition.org,,"Lyon, France",False,,['e-smile'],france
rbu,‮zlohhcuB treboR,,"Software and Systems Engineer, DevOps Agent and Consultant",,https://rbu.sh/,"‮ynamreG ,nilreB",False,,"['zopefoundation', 'mediadrop', 'dracut-crypt-ssh', 'zms-publishing']",kosovo
eric-poitras,Eric Poitras,,,Mnubo,mnubo.com,Montreal,False,,[],canada
turbolent,Bastian Müller,,,,https://turbolent.com,"Vancouver, Canada, Earth",False,,[],canada
cvrebert,Chris Rebert,,"@twbs Bootstrap Core Team member.
Web browser hater.
PLT enthusiast.
Believer in infrastructure.",@GoogleCloudPlatform,http://chrisrebert.com,"SF Bay Area, California, USA",True,mbostock,"['w3c', 'google', 'whatwg', 'twbs', 'browser-bugs']",united states
benlesh,Ben Lesh,ben@benlesh.com,,Google,http://twitter.com/benlesh,"San Jose, CA",False,,['ReactiveX'],philippines
nitram509,Martin W. Kirst,,,@OliverWyman,https://twitter.com/nitram509,GERMANY,False,,"['CTHN', 'macaroons-io', 'natural-feedback-machine', 'webuml', 'tn5250j']",germany
dandv,Dan Dascalescu,ddascalescu+github@gmail.com,"Building @cryptoclimate. Ex-@google, Yahoo!, @blueseed. Founded the Quantified Self Forum and 3 web startups.","Ex-Google, Blueseed, Yahoo!",https://dandascalescu.com/,Digital nomad,True,mbostock,"['component', 'oortcloud', 'mojomojo', 'meteorhacks', 'ephemerisle', 'Wylio', 'MeteorCommunity', 'typhonjs-node-tjsdoc']",undefined
dandv,Dan Dascalescu,ddascalescu+github@gmail.com,"Building @cryptoclimate. Ex-@google, Yahoo!, @blueseed. Founded the Quantified Self Forum and 3 web startups.","Ex-Google, Blueseed, Yahoo!",https://dandascalescu.com/,Digital nomad,False,,"['component', 'oortcloud', 'mojomojo', 'meteorhacks', 'ephemerisle', 'Wylio', 'MeteorCommunity', 'typhonjs-node-tjsdoc']",undefined
mgold,Max Goldstein,maxgoldstein1@gmail.com,,,http://maxgoldste.in/,"San Jose, CA",False,,"['WMFO', 'elm-guides', 'elm-community']",philippines
visvirial,Vis Virial (a.k.a. びりある),,"I am a researcher/inventor around Cryptocurrency area.
 * CEO at Janom LLC
 * C / PHP / Node.js / etc.
 * GPGPU (OpenCL) / AVR MCU
 * Japanese / English","CEO at Janom LLC @janom-inc / CEO at Fressets, Inc.",https://blog.visvirial.com/,Tokyo / Japan,False,,"['crypto-users-jp', 'fressets']",japan
jasondavies,Jason Davies,jason@jasondavies.com,,,https://www.jasondavies.com/,"London, UK",False,,"['apache', 'plutomonkey']",united kingdom
floledermann,Florian Ledermann,florian.ledermann@tuwien.ac.at,Researcher @ TU Wien. https://twitter.com/floledermann,Vienna University of Technology,https://twitter.com/floledermann,"Vienna, Austria",False,,[],austria
jasondavies,Jason Davies,jason@jasondavies.com,,,https://www.jasondavies.com/,"London, UK",False,,"['apache', 'plutomonkey']",united kingdom
jonsadka,Jon Sadka,,,@uber ,http://jonsadka.com/,"San Francisco, CA",False,,['uber'],united states
jasondavies,Jason Davies,jason@jasondavies.com,,,https://www.jasondavies.com/,"London, UK",False,,"['apache', 'plutomonkey']",united kingdom
rbu,‮zlohhcuB treboR,,"Software and Systems Engineer, DevOps Agent and Consultant",,https://rbu.sh/,"‮ynamreG ,nilreB",True,mbostock,"['zopefoundation', 'mediadrop', 'dracut-crypt-ssh', 'zms-publishing']",kosovo
mgold,Max Goldstein,maxgoldstein1@gmail.com,,,http://maxgoldste.in/,"San Jose, CA",False,,"['WMFO', 'elm-guides', 'elm-community']",philippines
pelson,Phil Elson,pelson.pub@gmail.com,Scientific software engineer and problem solver.,,https://pelson.github.io,Geneva,False,,"['matplotlib', 'ipython', 'SciTools', 'conda-forge']",switzerland
martoranod,The Martorano,,Arepas de JavaScript.,La Calle,,"Caracas, Venezuela",False,,[],venezuela
dorotka,Dorota ,dorota_oleszczuk@yahoo.com,,,,United States,False,,[],united states
jasondavies,Jason Davies,jason@jasondavies.com,,,https://www.jasondavies.com/,"London, UK",False,,"['apache', 'plutomonkey']",united kingdom
jfirebaugh,John Firebaugh,,,@figma ,,"San Francisco, CA",False,,"['openstreetmap', 'rubinius', 'ruby-debug', 'chaijs', 'Leaflet', 'osmlab', 'maptime', 'Turfjs', 'Project-OSRM', 'documentationjs', 'DADACONF']",united states
jasondavies,Jason Davies,jason@jasondavies.com,,,https://www.jasondavies.com/,"London, UK",False,,"['apache', 'plutomonkey']",united kingdom
jasondavies,Jason Davies,jason@jasondavies.com,,,https://www.jasondavies.com/,"London, UK",False,,"['apache', 'plutomonkey']",united kingdom
dribnet,Tom White,tom@sixdozen.com,Lecturer at University of Wellington School of Design teaching creative coding and researching neural design.,,https://twitter.com/dribnet,"Wellington, NZ",False,,"['vusd', 'vusd-mddn342-2016']",new zealand
mariusnita,Marius Nita,m@mariusnita.com,,,http://mariusnita.com,"San Francisco, CA",False,,[],united states
jasondavies,Jason Davies,jason@jasondavies.com,,,https://www.jasondavies.com/,"London, UK",False,,"['apache', 'plutomonkey']",united kingdom
jasondavies,Jason Davies,jason@jasondavies.com,,,https://www.jasondavies.com/,"London, UK",False,,"['apache', 'plutomonkey']",united kingdom
jshanley,John Shanley,john.michael.shanley@gmail.com,,@DensityCo ,http://jshanley.github.io/,"Syracuse, NY",False,,"['Rounded', 'DensityCo']",united states
Y--,Y.,,,Stoic,https://about.me/y.lemaout,New York City - Palo Alto - Paris,False,,['sutoiku'],france
jasondavies,Jason Davies,jason@jasondavies.com,,,https://www.jasondavies.com/,"London, UK",False,,"['apache', 'plutomonkey']",united kingdom
jasondavies,Jason Davies,jason@jasondavies.com,,,https://www.jasondavies.com/,"London, UK",False,,"['apache', 'plutomonkey']",united kingdom
mtraynham,Matt Traynham,,,,,"Raleigh, NC",False,,[],united states
gka,Gregor Aisch,,CTO @Datawrapper & proud @nytgraphics alumni. most of my repos live at @vis4 now,@datawrapper ,https://driven-by-data.net,Berlin,False,,"['datawrapper', 'schn4ck']",germany
serhalp,Philippe Serhal,philippe.serhal@gmail.com,Software Engineer @goodeggs working on fulfillment operations,@goodeggs ,,"San Francisco, CA",False,,[],united states
jasondavies,Jason Davies,jason@jasondavies.com,,,https://www.jasondavies.com/,"London, UK",False,,"['apache', 'plutomonkey']",united kingdom
jasondavies,Jason Davies,jason@jasondavies.com,,,https://www.jasondavies.com/,"London, UK",False,,"['apache', 'plutomonkey']",united kingdom
GerHobbelt,Ger Hobbelt,ger@hobbelt.com,,,http://hebbut.net/,Almelo (NL),False,,[],kosovo
mdunaev,Miša Dunaev,,Frontend developer from Tallinn,,mdunaev.github.io,Estonia,False,,[],estonia
chabb,Chabbey François,,,,http://bl.ocks.org/chabb,San Francisco,False,,[],united states
serhalp,Philippe Serhal,philippe.serhal@gmail.com,Software Engineer @goodeggs working on fulfillment operations,@goodeggs ,,"San Francisco, CA",False,,[],united states
rkophs,Ryan Kophs,rkophs@gmail.com,,,,United States,False,,[],united states
jasondavies,Jason Davies,jason@jasondavies.com,,,https://www.jasondavies.com/,"London, UK",False,,"['apache', 'plutomonkey']",united kingdom
osharim,Omar Sharim ,omar@bentel.mx,"Computer scientist.
Here we serve python",,,México,False,,"['Reistechnologies', 'Bentelmx']",undefined
jasondavies,Jason Davies,jason@jasondavies.com,,,https://www.jasondavies.com/,"London, UK",False,,"['apache', 'plutomonkey']",united kingdom
jonsadka,Jon Sadka,,,@uber ,http://jonsadka.com/,"San Francisco, CA",False,,['uber'],united states
davelandry,Dave Landry,,,Datawheel,https://datawheel.us,"Cambridge, MA",False,,"['Datawheel', 'd3plus', 'DataUSA']",new zealand
jasondavies,Jason Davies,jason@jasondavies.com,,,https://www.jasondavies.com/,"London, UK",False,,"['apache', 'plutomonkey']",united kingdom
gmaclennan,Gregor MacLennan,gmaclennan@digital-democracy.org,"Technology Director at Digital Democracy.
Open source and peer-to-peer advocate.",@digidem ,http://ddem.us/,"San Francisco, CA",False,,['digidem'],united states
jasondavies,Jason Davies,jason@jasondavies.com,,,https://www.jasondavies.com/,"London, UK",False,,"['apache', 'plutomonkey']",united kingdom
programmist,Tony Childs,,,,,Texas,False,,[],united states
lewis500,Lewis,,"assistant professor of civil engineering, U. Illinois Urbana-Champaign",University of Illinois Urbana Champaign,http://lewislehe.com,"Champaign, IL",False,,[],united states
otarazan,olcay tarazan,olcaytarazan@gmail.com,,,www.socialermap.com,istanbul/turkey,False,,[],turkey
jasondavies,Jason Davies,jason@jasondavies.com,,,https://www.jasondavies.com/,"London, UK",True,mbostock,"['apache', 'plutomonkey']",united kingdom
jasondavies,Jason Davies,jason@jasondavies.com,,,https://www.jasondavies.com/,"London, UK",True,mbostock,"['apache', 'plutomonkey']",united kingdom
tbranyen,Tim Branyen,tim@tabdeveloper.com,Browser Playback @Netflix ,Netflix,http://tbranyen.com/,"San Francisco, CA",True,mbostock,"['documentcloud', 'haystack', 'nodegit', 'h5bp', 'ot-crew', 'backbone-boilerplate', 'gruntjs', 'nodejs', 'OpenSourceSystemPodcast']",united states
jasondavies,Jason Davies,jason@jasondavies.com,,,https://www.jasondavies.com/,"London, UK",False,,"['apache', 'plutomonkey']",united kingdom
jasondavies,Jason Davies,jason@jasondavies.com,,,https://www.jasondavies.com/,"London, UK",False,,"['apache', 'plutomonkey']",united kingdom
Rich-Harris,Rich Harris,richard.a.harris@gmail.com,,,https://twitter.com/rich_harris,NYC,False,,"['ractivejs', 'sveltejs']",united states
foolip,Philip Jägenstedt,,,Google,https://foolip.org/,Stockholm,True,mbostock,"['w3c', 'google', 'whatwg']",sweden
MichaelHilton,Michael Hilton,mhilton@cmu.edu,,,,Pittsburgh PA,False,,"['hazelgrove', 'CMU-17-356']",undefined
afc163,偏右,afc163@gmail.com,Life is a box of chaos,Alipay,https://twitter.com/afc163,"Hangzhou, China",True,mbostock,"['seajs', 'aralejs', 'spmjs', 'aliceui', 'react-component', 'ant-design', 'yuque']",china
jasondavies,Jason Davies,jason@jasondavies.com,,,https://www.jasondavies.com/,"London, UK",True,mbostock,"['apache', 'plutomonkey']",united kingdom
ljani,Jani,,,,,Finland,False,,[],finland
mserinjane,Erin Jane,mserinjane@gmail.com,,,,London,True,mbostock,[],united kingdom
kgonzales87,Kayleigh,kgonzales87@gmail.com,,Jett Window Cleaning,,Austin ,True,mbostock,['Deleriumdoll'],united states
jasondavies,Jason Davies,jason@jasondavies.com,,,https://www.jasondavies.com/,"London, UK",False,,"['apache', 'plutomonkey']",united kingdom
jasondavies,Jason Davies,jason@jasondavies.com,,,https://www.jasondavies.com/,"London, UK",True,mbostock,"['apache', 'plutomonkey']",united kingdom
ChALkeR,Сковорода Никита Андреевич,chalkerx@gmail.com,"Node.js TSC Member.
Occasionally breaking things. :smiley_cat:",,https://twitter.com/skovorodan,Moscow,False,,"['nodejs', 'GitHubBounty', 'qmlweb', 'KochergaClub', 'nodejs-private', 'sqi-msu']",russia
jasondavies,Jason Davies,jason@jasondavies.com,,,https://www.jasondavies.com/,"London, UK",True,mbostock,"['apache', 'plutomonkey']",united kingdom
jasondavies,Jason Davies,jason@jasondavies.com,,,https://www.jasondavies.com/,"London, UK",False,,"['apache', 'plutomonkey']",united kingdom
esjewett,Ethan Jewett,ethan.jewett@coredatra.com,,Coredatra LLC,http://www.esjewett.com,"Madison, WI",False,,"['apache', 'humanitiesplusdesign', 'crossfilter']",united states
jimkang,Jim Kang,,,,http://jimkang.com/,Boston,True,mbostock,[],united states
natevw,Nathan Vander Wilt,,,Freelance app/library developer,http://exts.ch,"Tri-Cities, WA",False,,['calftrail'],ghana
natevw,Nathan Vander Wilt,,,Freelance app/library developer,http://exts.ch,"Tri-Cities, WA",False,,['calftrail'],ghana
fabriciotav,Fabrício Tavares,fabricio@fabriciotav.org,"Code, data & design • Founder of https://www.celula.in",célula.in,http://fabriciotav.org,Belo Horizonte - Brazil,True,mbostock,"['celula', 'visualization-meetup']",brazil
jakevdp,Jake Vanderplas,,"Python, Astronomy, Data Science",Google,http://www.vanderplas.com,Seattle WA,False,,"['scipy', 'scikit-learn', 'astroML', 'uwescience', 'UWSEDS', 'altair-viz']",undefined
Alex--wu,Alexander WU,shengyuan.w@gmail.com,,MISYS,NetPy.net,Paris,True,mbostock,[],france
regiskuckaertz,Regis Kuckaertz,,,The Guardian,http://readtheblackswan.lu,London,False,,[],united kingdom
salomvary,Márton Salomváry,marton@salomvary.com,"Freelance full stack software engineer and consultant. Specialized in small to large scale web and mobile applications. Scala, Ruby, Java, JavaScript & co.",Freelance,https://salomvary.com,"Berlin, Germany",False,,[],germany
jasondavies,Jason Davies,jason@jasondavies.com,,,https://www.jasondavies.com/,"London, UK",True,mbostock,"['apache', 'plutomonkey']",united kingdom
telic,Maxwell Terpstra,,,,,"Victoria, BC, Canada",False,,['internetshakespeare'],canada
musically-ut,Utkarsh Upadhyay,,Nacreous Survivor: ransomed back from the Fathomking at great expense after winning.,@Networks-Learning ,https://musicallyut.in,"Kaiserslautern, Germany",False,,"['Networks-Learning', 'UT-ET']",germany
tcp,Thiago Costa Porto,,,Gapminder.org,,"Uppsala, Sweden",False,,[],sweden
muddydixon,muddydixon,muddydixon@gmail.com,,,http://about.me/muddydixon,Japan,False,,['CROSS2014'],japan
vijithassar,Vijith Assar,,,,http://www.vijithassar.com,New York,False,,['rollup'],united states
PatrickJS,PatrickJS,github@gdi2290.com,"
PatrickJS__ on Twitter.
Open Source (@angular, @webpack, @vuejs, @nuxt)",,http://patrickjs.com,"San Francisco, CA",True,mbostock,"['angular', 'monsoonco', 'keychain', 'webpack', 'hackreactor', 'angularjs-in-action', 'fullstackio', 'ng-newsletter', 'FACTORYX', 'RedditInsight', 'TypeStrong', 'vue-software', 'NodeProgram', 'AngularAir', 'ReactWeek', 'AngularClass', 'typings', 'types', 'storybookjs', 'ng-cruise', 'maintainers', 'nguniversal', 'onespeed-io']",united states
tcp,Thiago Costa Porto,,,Gapminder.org,,"Uppsala, Sweden",False,,[],sweden
PatrickJS,PatrickJS,github@gdi2290.com,"
PatrickJS__ on Twitter.
Open Source (@angular, @webpack, @vuejs, @nuxt)",,http://patrickjs.com,"San Francisco, CA",False,,"['angular', 'monsoonco', 'keychain', 'webpack', 'hackreactor', 'angularjs-in-action', 'fullstackio', 'ng-newsletter', 'FACTORYX', 'RedditInsight', 'TypeStrong', 'vue-software', 'NodeProgram', 'AngularAir', 'ReactWeek', 'AngularClass', 'typings', 'types', 'storybookjs', 'ng-cruise', 'maintainers', 'nguniversal', 'onespeed-io']",united states
zerolinux5, Jesus Magana,maganazero5@gmail.com,,Amazon,http://zerolinux5.com,Seattle,True,mbostock,[],united states
kmindi,Kai Mindermann M.Sc.,,,University of Stuttgart,http://kmindi.de,Germany,True,mbostock,[],germany
rassie,Nikolai Prokoschenko,,,,http://rassie.org,"Nürnberg, Germany",False,,['kurzdigital'],germany
mourner,Vladimir Agafonkin,agafonkin@gmail.com,"Engineer at @mapbox, building mapping tools of the future. Creator of @Leaflet. Algorithms geek, rock musician, fitness enthusiast, father of twin girls.",Mapbox,https://agafonkin.com,"Kyiv, Ukraine",False,,"['mapbox', 'Leaflet']",ukraine
jfirebaugh,John Firebaugh,,,@figma ,,"San Francisco, CA",False,,"['openstreetmap', 'rubinius', 'ruby-debug', 'chaijs', 'Leaflet', 'osmlab', 'maptime', 'Turfjs', 'Project-OSRM', 'documentationjs', 'DADACONF']",united states
gka,Gregor Aisch,,CTO @Datawrapper & proud @nytgraphics alumni. most of my repos live at @vis4 now,@datawrapper ,https://driven-by-data.net,Berlin,False,,"['datawrapper', 'schn4ck']",germany
stuglaser,Stuart Glaser,stuglaser@gmail.com,,,,"San Francisco, CA",True,mbostock,[],united states
danielsu,Daniel Süß / Suess,,,,,"Berlin, Germany",False,,[],germany
guybedford,Guy Bedford,guybedford@gmail.com,,,twitter.com/guybedford,Cape Town / Toronto,True,mbostock,"['jspm', 'ModuleLoader', 'systemjs']",canada
jasondavies,Jason Davies,jason@jasondavies.com,,,https://www.jasondavies.com/,"London, UK",False,,"['apache', 'plutomonkey']",united kingdom
guybedford,Guy Bedford,guybedford@gmail.com,,,twitter.com/guybedford,Cape Town / Toronto,True,mbostock,"['jspm', 'ModuleLoader', 'systemjs']",canada
PartTimeLegend,Antony Bailey,,I make machines cry evertim,@freshaus @Qiredev,https://www.antonybailey.net,"Liverpool, UK",False,,"['BitcoinforBusiness', 'WowMuchPool', 'GoogolplexCoin', 'P2PoolOnPi']",canada
jasondavies,Jason Davies,jason@jasondavies.com,,,https://www.jasondavies.com/,"London, UK",False,,"['apache', 'plutomonkey']",united kingdom
natevw,Nathan Vander Wilt,,,Freelance app/library developer,http://exts.ch,"Tri-Cities, WA",True,mbostock,['calftrail'],ghana
jrideout,Jacob Rideout,,,Agari Data Inc.,,"Raleigh, NC USA",False,,['agaridata'],united states
sulmanen,Samuli Ulmanen,,,,,HEL,False,,[],undefined
ameyms,Amey S,,#Javascript @facebook,@facebook,http://ameyms.com,Bay Area,False,,"['datainsight', 'github-beta', 'zeusjs', 'fluorinejs']",united states
jrideout,Jacob Rideout,,,Agari Data Inc.,,"Raleigh, NC USA",False,,['agaridata'],united states
jasondavies,Jason Davies,jason@jasondavies.com,,,https://www.jasondavies.com/,"London, UK",True,mbostock,"['apache', 'plutomonkey']",united kingdom
jasondavies,Jason Davies,jason@jasondavies.com,,,https://www.jasondavies.com/,"London, UK",True,mbostock,"['apache', 'plutomonkey']",united kingdom
jasondavies,Jason Davies,jason@jasondavies.com,,,https://www.jasondavies.com/,"London, UK",True,mbostock,"['apache', 'plutomonkey']",united kingdom
bradens,Braden Simpson,,,Leanpub,,Edmonton,False,,"['SuperAmerica', 'agilefant-team-awesome', 'SEGaL-Group']",canada
mathiasbynens,Mathias Bynens,,"Web standards fanatic. JavaScript, HTML, CSS, HTTP, performance, security, Bash, Unicode, macOS.",@Google,https://mathiasbynens.be/,Germany,False,,"['chromium', 'v8', 'iRail', 'oftn-oswg', 'bestiejs', 'h5bp', 'google', 'tc39', 'GoogleChrome', 'whatwg', 'lodash', 'GoogleCloudPlatform', 'fronteersbe', 'tibiamaps', 'GoogleChromeLabs']",germany
jaspervdg,Jasper van de Gronde,,,,,The Netherlands,False,,['scijs'],undefined
jasondavies,Jason Davies,jason@jasondavies.com,,,https://www.jasondavies.com/,"London, UK",False,,"['apache', 'plutomonkey']",united kingdom
Yahasana,Mofasa,,I'm cool,,,"Shenzhen, CN",False,,[],china
IvanRave,Ivan,,Web developer,,http://reyvart.com,Russian Federation,False,,[],undefined
jasondavies,Jason Davies,jason@jasondavies.com,,,https://www.jasondavies.com/,"London, UK",True,mbostock,"['apache', 'plutomonkey']",united kingdom
jasondavies,Jason Davies,jason@jasondavies.com,,,https://www.jasondavies.com/,"London, UK",False,,"['apache', 'plutomonkey']",united kingdom
jasondavies,Jason Davies,jason@jasondavies.com,,,https://www.jasondavies.com/,"London, UK",False,,"['apache', 'plutomonkey']",united kingdom
carlsverre,Carl Sverre,id@c83.me,,@memsql ,http://www.carlsverre.com,"San Francisco, CA, USA",False,,[],united states
Bamboofantasy,Xiao,,,University of Kansas,,"Lawrence, Kansas",False,,[],united states
jasondavies,Jason Davies,jason@jasondavies.com,,,https://www.jasondavies.com/,"London, UK",True,mbostock,"['apache', 'plutomonkey']",united kingdom
sebastianseilund,Sebastian Seilund,sebsei@gmail.com,,,http://www.sebastianseilund.com,"San Francisco, CA",False,,[],united states
jasondavies,Jason Davies,jason@jasondavies.com,,,https://www.jasondavies.com/,"London, UK",False,,"['apache', 'plutomonkey']",united kingdom
jasondavies,Jason Davies,jason@jasondavies.com,,,https://www.jasondavies.com/,"London, UK",True,mbostock,"['apache', 'plutomonkey']",united kingdom
jasondavies,Jason Davies,jason@jasondavies.com,,,https://www.jasondavies.com/,"London, UK",True,mbostock,"['apache', 'plutomonkey']",united kingdom
jasondavies,Jason Davies,jason@jasondavies.com,,,https://www.jasondavies.com/,"London, UK",True,mbostock,"['apache', 'plutomonkey']",united kingdom
jasondavies,Jason Davies,jason@jasondavies.com,,,https://www.jasondavies.com/,"London, UK",True,mbostock,"['apache', 'plutomonkey']",united kingdom
ghost,Deleted user,,"Hi, I'm @ghost! I take the place of user accounts that have been deleted.
:ghost:
",,,"Nothing to see here, move along.",False,,[],kosovo
jasondavies,Jason Davies,jason@jasondavies.com,,,https://www.jasondavies.com/,"London, UK",False,,"['apache', 'plutomonkey']",united kingdom
jasondavies,Jason Davies,jason@jasondavies.com,,,https://www.jasondavies.com/,"London, UK",False,,"['apache', 'plutomonkey']",united kingdom
jasondavies,Jason Davies,jason@jasondavies.com,,,https://www.jasondavies.com/,"London, UK",False,,"['apache', 'plutomonkey']",united kingdom
jasondavies,Jason Davies,jason@jasondavies.com,,,https://www.jasondavies.com/,"London, UK",False,,"['apache', 'plutomonkey']",united kingdom
Ta4i,Maks Kramarenko,,,Wix,,Kiev,False,,[],ukraine
erictheise,Eric Theise,erictheise@gmail.com,Full-stack web developer with expertise in geospatial problem solving.,,https://erictheise.com/,"San Francisco, CA",True,mbostock,[],united states
leodutra,Leonardo Dutra,leodutra.br@gmail.com,"JavaScript Chief Architect.

14 yrs+ developing systems, interfaces and automation.",Aurea / Crossover / ESW Capital,http://linkedin.com/in/leobr,"Rio de Janeiro, Brazil",True,mbostock,['Legalcloud'],brazil
leodutra,Leonardo Dutra,leodutra.br@gmail.com,"JavaScript Chief Architect.

14 yrs+ developing systems, interfaces and automation.",Aurea / Crossover / ESW Capital,http://linkedin.com/in/leobr,"Rio de Janeiro, Brazil",True,mbostock,['Legalcloud'],brazil
leodutra,Leonardo Dutra,leodutra.br@gmail.com,"JavaScript Chief Architect.

14 yrs+ developing systems, interfaces and automation.",Aurea / Crossover / ESW Capital,http://linkedin.com/in/leobr,"Rio de Janeiro, Brazil",True,mbostock,['Legalcloud'],brazil
jasondavies,Jason Davies,jason@jasondavies.com,,,https://www.jasondavies.com/,"London, UK",True,mbostock,"['apache', 'plutomonkey']",united kingdom
jasondavies,Jason Davies,jason@jasondavies.com,,,https://www.jasondavies.com/,"London, UK",False,,"['apache', 'plutomonkey']",united kingdom
ghost,Deleted user,,"Hi, I'm @ghost! I take the place of user accounts that have been deleted.
:ghost:
",,,"Nothing to see here, move along.",True,mbostock,[],kosovo
timmywil,Timmy Willison,,"jQuery Core Team Lead, Front-End Fanatic at Pylon","@jquery, @pylon ",https://timmywil.com,"Chattanooga, TN",False,,"['jquery', 'quickcue', 'ot-crew']",united states
jaredly,Jared Forsyth,jared@jaredforsyth.com,,Khan Academy,http://jaredforsyth.com,"Provo, UT",True,mbostock,"['BYU-NLP-Lab', 'Strider-CD', 'notablemind', 'familyfound', 'component-skel', 'bookofmormon', 'jazzui']",united states
pjanik,Piotr Janik,janikpiotrek@gmail.com,,,,"Kraków, Poland",False,,['concord-consortium'],poland
trinary,Erik Cunningham,djtrinary@gmail.com,,Gnip/Twitter,blog.erikwcunningham.com,"Boulder, CO",True,mbostock,['Boulder-Denver-d3-vis'],united states
zhuangya,zhuangya,,nuh.,,https://zhuangya.me,"Beijing, China",False,,"['vimx', 'palomajs', 'reality-glitch', 'yuyoude']",china
jasondavies,Jason Davies,jason@jasondavies.com,,,https://www.jasondavies.com/,"London, UK",False,,"['apache', 'plutomonkey']",united kingdom
jasondavies,Jason Davies,jason@jasondavies.com,,,https://www.jasondavies.com/,"London, UK",False,,"['apache', 'plutomonkey']",united kingdom
jasondavies,Jason Davies,jason@jasondavies.com,,,https://www.jasondavies.com/,"London, UK",True,mbostock,"['apache', 'plutomonkey']",united kingdom
jasondavies,Jason Davies,jason@jasondavies.com,,,https://www.jasondavies.com/,"London, UK",True,mbostock,"['apache', 'plutomonkey']",united kingdom
bigsley,Christopher Bisignani,bigsley@gmail.com,,Addepar,chrisbisignani.com,"Mountain View, CA",False,,[],united states
jasondavies,Jason Davies,jason@jasondavies.com,,,https://www.jasondavies.com/,"London, UK",False,,"['apache', 'plutomonkey']",united kingdom
jasondavies,Jason Davies,jason@jasondavies.com,,,https://www.jasondavies.com/,"London, UK",True,mbostock,"['apache', 'plutomonkey']",united kingdom
jasondavies,Jason Davies,jason@jasondavies.com,,,https://www.jasondavies.com/,"London, UK",False,,"['apache', 'plutomonkey']",united kingdom
jasondavies,Jason Davies,jason@jasondavies.com,,,https://www.jasondavies.com/,"London, UK",True,mbostock,"['apache', 'plutomonkey']",united kingdom
jasondavies,Jason Davies,jason@jasondavies.com,,,https://www.jasondavies.com/,"London, UK",False,,"['apache', 'plutomonkey']",united kingdom
jasondavies,Jason Davies,jason@jasondavies.com,,,https://www.jasondavies.com/,"London, UK",False,,"['apache', 'plutomonkey']",united kingdom
jasondavies,Jason Davies,jason@jasondavies.com,,,https://www.jasondavies.com/,"London, UK",False,,"['apache', 'plutomonkey']",united kingdom
notlion,Ryan Alexander,ryan@onecm.com,,,http://onecm.com,San Francisco,False,,[],united states
jasondavies,Jason Davies,jason@jasondavies.com,,,https://www.jasondavies.com/,"London, UK",True,mbostock,"['apache', 'plutomonkey']",united kingdom
jasondavies,Jason Davies,jason@jasondavies.com,,,https://www.jasondavies.com/,"London, UK",False,,"['apache', 'plutomonkey']",united kingdom
trinary,Erik Cunningham,djtrinary@gmail.com,,Gnip/Twitter,blog.erikwcunningham.com,"Boulder, CO",False,,['Boulder-Denver-d3-vis'],united states
mrcarlosrendon,Carlos Rendon,crendon@gmail.com,,,carlosrendon.me,Southern California,False,,[],undefined
christophe-g,christophe geiser,,create stuff - love life,preignition.org,,"Lyon, France",False,,['e-smile'],france
moshbitten,Mark Paine,,,@WalmartLabs,,"San Francisco, CA",False,,[],united states
sammyt,Samuel Williams,,,,www.ziazoo.co.uk,London,False,,[],united kingdom
fabriciotav,Fabrício Tavares,fabricio@fabriciotav.org,"Code, data & design • Founder of https://www.celula.in",célula.in,http://fabriciotav.org,Belo Horizonte - Brazil,False,,"['celula', 'visualization-meetup']",brazil
Sigfried,Sigfried Gold,sigfried@sigfried.org,,,http://sigfried.org,"Takoma Park, MD, USA",False,,[],united states
aprilrd,Young Kim,aprilrd8943@gmail.com,,,https://youngk.im,"Los Gatos, CA",False,,['KMLA'],united states
sarvaje,Jesus David García Gomez,,,Plain Concepts Corporation,,Seattle,False,,"['PlainConcepts', 'webhintio']",united states
jasondavies,Jason Davies,jason@jasondavies.com,,,https://www.jasondavies.com/,"London, UK",True,mbostock,"['apache', 'plutomonkey']",united kingdom
jasondavies,Jason Davies,jason@jasondavies.com,,,https://www.jasondavies.com/,"London, UK",False,,"['apache', 'plutomonkey']",united kingdom
jasondavies,Jason Davies,jason@jasondavies.com,,,https://www.jasondavies.com/,"London, UK",False,,"['apache', 'plutomonkey']",united kingdom
mcandre,Andrew,,,,google.com,the mill,False,,['markdown'],undefined
mcandre,Andrew,,,,google.com,the mill,False,,['markdown'],undefined
jasondavies,Jason Davies,jason@jasondavies.com,,,https://www.jasondavies.com/,"London, UK",False,,"['apache', 'plutomonkey']",united kingdom
scottcheng,Scott Cheng,me@scottcheng.com,,@Asana ,http://scottcheng.com,NYC,False,,"['StanfordHCI', 'Asana']",united states
Swatinem,Arpad Borsos,arpad.borsos@googlemail.com,,,https://swatinem.de,"Vienna, Austria",False,,"['eversport', 'rollup', 'sveltejs']",austria
jasondavies,Jason Davies,jason@jasondavies.com,,,https://www.jasondavies.com/,"London, UK",False,,"['apache', 'plutomonkey']",united kingdom
jasondavies,Jason Davies,jason@jasondavies.com,,,https://www.jasondavies.com/,"London, UK",False,,"['apache', 'plutomonkey']",united kingdom
clkao,Chia-liang Kao,,,,www.clkao.org,"Taipei, Taiwan",True,mbostock,"['clkao-cookbooks', 'perltaiwan', 'g0v', 'hackfoldr', 'plv8']",taiwan
danmilon,Dan Milon,i@danmilon.me,,,http://danmilon.me,Greece,True,mbostock,['zizania'],greece
jfirebaugh,John Firebaugh,,,@figma ,,"San Francisco, CA",True,mbostock,"['openstreetmap', 'rubinius', 'ruby-debug', 'chaijs', 'Leaflet', 'osmlab', 'maptime', 'Turfjs', 'Project-OSRM', 'documentationjs', 'DADACONF']",united states
tillberg,Dan Tillberg,dan@tillberg.us,,,http://tillberg.us/,"Longmont, CO. USA",True,mbostock,[],united states
gbradley,Graham Bradley,,,Blipfoto,http://gbradley.com,"Edinburgh, Scotland",False,,[],united kingdom
jisaacks,JD Isaacks,,,Roadie Inc,https://www.manning.com/books/get-programming-with-javascript-next,"Atlanta, GA",False,,"['kranichs', 'bower', 'showcaseidx', 'roadie-app', 'gitgutter', 'suncoast-devs', 'class-ideas', 'maintainers']",united states
AndruByrne,Andrew Byrne,,"master class mobile dev; I <3 reactive functions, Dart and good architecture",,,San Francisco,False,,[],united states
theoreticaLee,Lee Leathers,,,,about.me/leeleathers,"Santa Monica, California",True,mbostock,['citizennet'],united states
iterion,Adam Sunderland,iterion@gmail.com,Senior SRE at Zapier,@zapier ,,"Grand Rapids, MI",False,,['kubernetes-incubator'],united states
jasondavies,Jason Davies,jason@jasondavies.com,,,https://www.jasondavies.com/,"London, UK",True,mbostock,"['apache', 'plutomonkey']",united kingdom
ilyabo,Ilya Boyandin,ilyabo@gmail.com,,Teralytics,http://ilya.boyandin.me,"Zurich, Switzerland",False,,['freie-schule-bergmeilen'],switzerland
jasondavies,Jason Davies,jason@jasondavies.com,,,https://www.jasondavies.com/,"London, UK",False,,"['apache', 'plutomonkey']",united kingdom
jasondavies,Jason Davies,jason@jasondavies.com,,,https://www.jasondavies.com/,"London, UK",True,mbostock,"['apache', 'plutomonkey']",united kingdom
jasondavies,Jason Davies,jason@jasondavies.com,,,https://www.jasondavies.com/,"London, UK",True,mbostock,"['apache', 'plutomonkey']",united kingdom
deanmalmgren,Dean Malmgren,,,Datascope Analytics,http://twitter.com/deanmalmgren,"Chicago, IL",False,,"['pygrace', 'datascopeanalytics', 'dssg']",united states
jasondavies,Jason Davies,jason@jasondavies.com,,,https://www.jasondavies.com/,"London, UK",False,,"['apache', 'plutomonkey']",united kingdom
jasondavies,Jason Davies,jason@jasondavies.com,,,https://www.jasondavies.com/,"London, UK",True,mbostock,"['apache', 'plutomonkey']",united kingdom
jasondavies,Jason Davies,jason@jasondavies.com,,,https://www.jasondavies.com/,"London, UK",True,mbostock,"['apache', 'plutomonkey']",united kingdom
bm-w,Bastiaan Marinus van de Weerd,,,"Freelance, prerefably iOS",http://bm-w.eu/,"Santiago, Chile",False,,[],chile
jasondavies,Jason Davies,jason@jasondavies.com,,,https://www.jasondavies.com/,"London, UK",True,mbostock,"['apache', 'plutomonkey']",united kingdom
deanmalmgren,Dean Malmgren,,,Datascope Analytics,http://twitter.com/deanmalmgren,"Chicago, IL",True,mbostock,"['pygrace', 'datascopeanalytics', 'dssg']",united states
cscheid,Carlos Scheidegger,,"humans, data, computers, vis",University of Arizona,http://cscheid.net,"Tucson, AZ",False,,['hdc-arizona'],united states
jasondavies,Jason Davies,jason@jasondavies.com,,,https://www.jasondavies.com/,"London, UK",True,mbostock,"['apache', 'plutomonkey']",united kingdom
jasondavies,Jason Davies,jason@jasondavies.com,,,https://www.jasondavies.com/,"London, UK",False,,"['apache', 'plutomonkey']",united kingdom
jasondavies,Jason Davies,jason@jasondavies.com,,,https://www.jasondavies.com/,"London, UK",True,mbostock,"['apache', 'plutomonkey']",united kingdom
aeosynth,James Campos,james.r.campos@gmail.com,,,aeosynth.github.io,California,True,mbostock,['redditdota2league'],united states
jasondavies,Jason Davies,jason@jasondavies.com,,,https://www.jasondavies.com/,"London, UK",False,,"['apache', 'plutomonkey']",united kingdom
jasondavies,Jason Davies,jason@jasondavies.com,,,https://www.jasondavies.com/,"London, UK",False,,"['apache', 'plutomonkey']",united kingdom
leonardseymore,Leonard Seymore,,,,,Cape Town,False,,[],south africa
muddydixon,muddydixon,muddydixon@gmail.com,,,http://about.me/muddydixon,Japan,False,,['CROSS2014'],japan
purohit,Ashwin Purohit,,,,https://puroh.it,Berlin,False,,[],germany
jasondavies,Jason Davies,jason@jasondavies.com,,,https://www.jasondavies.com/,"London, UK",True,mbostock,"['apache', 'plutomonkey']",united kingdom
calvinmetcalf,Calvin Metcalf,,"I live with several cats, plus a dog, and my wife.",@AppGeo ,http://calvinmetcalf.com/,Boston,True,mbostock,"['AppGeo', 'codeforboston', 'pouchdb', 'leaflet-extras', 'proj4js', 'arecalvinandrachelmarried', 'crypto-browserify', 'Turfjs', 'nodejs', 'georust', 'moose-team']",united states
fanktom,Thomas Fankhauser,tommy@system8.io,,system8 GmbH,http://www.system8.io,Stuttgart,False,,[],germany
karmi,Karel Minarik,karel.minarik@gmail.com,,@elastic,http://www.karmi.cz,"Prague, Czech Republic",False,,"['sinatra', 'csrug', 'elastic']",czechia
jfirebaugh,John Firebaugh,,,@figma ,,"San Francisco, CA",False,,"['openstreetmap', 'rubinius', 'ruby-debug', 'chaijs', 'Leaflet', 'osmlab', 'maptime', 'Turfjs', 'Project-OSRM', 'documentationjs', 'DADACONF']",united states
kevincarrogan,Kevin Carrogan,,,,kevin.carrogan.com,"London, UK",False,,[],united kingdom
jomido,Jonathan Dobson,jon.m.dobson@gmail.com,,@replicant-ai ,hashbeat.blogspot.com,"Kitchener, Ontario, Canada",False,,[],canada
jasondavies,Jason Davies,jason@jasondavies.com,,,https://www.jasondavies.com/,"London, UK",False,,"['apache', 'plutomonkey']",united kingdom
jasondavies,Jason Davies,jason@jasondavies.com,,,https://www.jasondavies.com/,"London, UK",True,mbostock,"['apache', 'plutomonkey']",united kingdom
tmcw,Tom MacWright,,hi!,@observablehq ,https://macwright.org/,san francisco,False,,"['documentationjs', 'simple-statistics', 'observablehq']",united states
jasondavies,Jason Davies,jason@jasondavies.com,,,https://www.jasondavies.com/,"London, UK",False,,"['apache', 'plutomonkey']",united kingdom
kriscarle,Kristofor Carle,,"Software Engineer & Co-founder @maphubs
https://keybase.io/kriscarle",@maphubs,,Washington DC,False,,"['syncadd', 'openfloorplan', 'crowdcover']",undefined
jasondavies,Jason Davies,jason@jasondavies.com,,,https://www.jasondavies.com/,"London, UK",True,mbostock,"['apache', 'plutomonkey']",united kingdom
rushton,Nick Rushton,nick.rushton@hotmail.com,,,,"Seattle, WA",False,,[],ghana
gghh,Giovanni Gherdovich,,Programming computers since 1991.,@SUSE ,http://gghh.name/dibtp,Prague,False,,[],czechia
paulgb,Paul Butler,github@paulbutler.org,,Two Sigma,http://paulbutler.org/,"New York, NY",False,,[],united states
jasondavies,Jason Davies,jason@jasondavies.com,,,https://www.jasondavies.com/,"London, UK",False,,"['apache', 'plutomonkey']",united kingdom
jasondavies,Jason Davies,jason@jasondavies.com,,,https://www.jasondavies.com/,"London, UK",False,,"['apache', 'plutomonkey']",united kingdom
christophermanning,Christopher Manning,,,,https://www.christophermanning.org/,"Chicago, IL",False,,['ofa-alumni'],united states
ajtulloch,Andrew Tulloch,andrew@tullo.ch,,Facebook AI Research,http://tullo.ch,San Francisco,False,,[],united states
isaacs,isaacs,i@izs.me,"npm inventor, former CEO, now Chief Product.
Former Node BDFL.
Author of JavaScripts.
All opinions are my own. Literally all of them. I own them all. He/him.","npm, Inc.",http://blog.izs.me,Oakland CA,True,mbostock,"['npm', 'tapjs', 'maintainers']",undefined
danse,Francesco Occhipinti,focchi.pinti@gmail.com,never hide,,,Internet,False,,"['Data-Visualization-Berlin', 'italia', 'open-europe', 'MeetMangrove']",undefined
jasondavies,Jason Davies,jason@jasondavies.com,,,https://www.jasondavies.com/,"London, UK",True,mbostock,"['apache', 'plutomonkey']",united kingdom
jasondavies,Jason Davies,jason@jasondavies.com,,,https://www.jasondavies.com/,"London, UK",True,mbostock,"['apache', 'plutomonkey']",united kingdom
jasondavies,Jason Davies,jason@jasondavies.com,,,https://www.jasondavies.com/,"London, UK",True,mbostock,"['apache', 'plutomonkey']",united kingdom
natevw,Nathan Vander Wilt,,,Freelance app/library developer,http://exts.ch,"Tri-Cities, WA",True,mbostock,['calftrail'],ghana
jasondavies,Jason Davies,jason@jasondavies.com,,,https://www.jasondavies.com/,"London, UK",True,mbostock,"['apache', 'plutomonkey']",united kingdom
jasondavies,Jason Davies,jason@jasondavies.com,,,https://www.jasondavies.com/,"London, UK",True,mbostock,"['apache', 'plutomonkey']",united kingdom
jasondavies,Jason Davies,jason@jasondavies.com,,,https://www.jasondavies.com/,"London, UK",False,,"['apache', 'plutomonkey']",united kingdom
jasondavies,Jason Davies,jason@jasondavies.com,,,https://www.jasondavies.com/,"London, UK",True,mbostock,"['apache', 'plutomonkey']",united kingdom
jasondavies,Jason Davies,jason@jasondavies.com,,,https://www.jasondavies.com/,"London, UK",False,,"['apache', 'plutomonkey']",united kingdom
jasondavies,Jason Davies,jason@jasondavies.com,,,https://www.jasondavies.com/,"London, UK",True,mbostock,"['apache', 'plutomonkey']",united kingdom
jasondavies,Jason Davies,jason@jasondavies.com,,,https://www.jasondavies.com/,"London, UK",True,mbostock,"['apache', 'plutomonkey']",united kingdom
jasondavies,Jason Davies,jason@jasondavies.com,,,https://www.jasondavies.com/,"London, UK",True,mbostock,"['apache', 'plutomonkey']",united kingdom
jasondavies,Jason Davies,jason@jasondavies.com,,,https://www.jasondavies.com/,"London, UK",True,mbostock,"['apache', 'plutomonkey']",united kingdom
jasondavies,Jason Davies,jason@jasondavies.com,,,https://www.jasondavies.com/,"London, UK",True,mbostock,"['apache', 'plutomonkey']",united kingdom
rushton,Nick Rushton,nick.rushton@hotmail.com,,,,"Seattle, WA",False,,[],ghana
jasondavies,Jason Davies,jason@jasondavies.com,,,https://www.jasondavies.com/,"London, UK",True,mbostock,"['apache', 'plutomonkey']",united kingdom
jasondavies,Jason Davies,jason@jasondavies.com,,,https://www.jasondavies.com/,"London, UK",True,mbostock,"['apache', 'plutomonkey']",united kingdom
jasondavies,Jason Davies,jason@jasondavies.com,,,https://www.jasondavies.com/,"London, UK",True,mbostock,"['apache', 'plutomonkey']",united kingdom
jasondavies,Jason Davies,jason@jasondavies.com,,,https://www.jasondavies.com/,"London, UK",True,mbostock,"['apache', 'plutomonkey']",united kingdom
jasondavies,Jason Davies,jason@jasondavies.com,,,https://www.jasondavies.com/,"London, UK",True,mbostock,"['apache', 'plutomonkey']",united kingdom
jasondavies,Jason Davies,jason@jasondavies.com,,,https://www.jasondavies.com/,"London, UK",True,mbostock,"['apache', 'plutomonkey']",united kingdom
jasondavies,Jason Davies,jason@jasondavies.com,,,https://www.jasondavies.com/,"London, UK",True,mbostock,"['apache', 'plutomonkey']",united kingdom
jasondavies,Jason Davies,jason@jasondavies.com,,,https://www.jasondavies.com/,"London, UK",False,,"['apache', 'plutomonkey']",united kingdom
jasondavies,Jason Davies,jason@jasondavies.com,,,https://www.jasondavies.com/,"London, UK",True,mbostock,"['apache', 'plutomonkey']",united kingdom
jasondavies,Jason Davies,jason@jasondavies.com,,,https://www.jasondavies.com/,"London, UK",True,mbostock,"['apache', 'plutomonkey']",united kingdom
jasondavies,Jason Davies,jason@jasondavies.com,,,https://www.jasondavies.com/,"London, UK",True,mbostock,"['apache', 'plutomonkey']",united kingdom
evanworley,Evan Worley,my github username at gmail,,,,Mountain View,False,,[],united states
jasondavies,Jason Davies,jason@jasondavies.com,,,https://www.jasondavies.com/,"London, UK",True,mbostock,"['apache', 'plutomonkey']",united kingdom
jasondavies,Jason Davies,jason@jasondavies.com,,,https://www.jasondavies.com/,"London, UK",True,mbostock,"['apache', 'plutomonkey']",united kingdom
jasondavies,Jason Davies,jason@jasondavies.com,,,https://www.jasondavies.com/,"London, UK",True,mbostock,"['apache', 'plutomonkey']",united kingdom
jasondavies,Jason Davies,jason@jasondavies.com,,,https://www.jasondavies.com/,"London, UK",False,,"['apache', 'plutomonkey']",united kingdom
jasondavies,Jason Davies,jason@jasondavies.com,,,https://www.jasondavies.com/,"London, UK",False,,"['apache', 'plutomonkey']",united kingdom
jasondavies,Jason Davies,jason@jasondavies.com,,,https://www.jasondavies.com/,"London, UK",True,mbostock,"['apache', 'plutomonkey']",united kingdom
muddydixon,muddydixon,muddydixon@gmail.com,,,http://about.me/muddydixon,Japan,False,,['CROSS2014'],japan
jasondavies,Jason Davies,jason@jasondavies.com,,,https://www.jasondavies.com/,"London, UK",True,mbostock,"['apache', 'plutomonkey']",united kingdom
jasondavies,Jason Davies,jason@jasondavies.com,,,https://www.jasondavies.com/,"London, UK",False,,"['apache', 'plutomonkey']",united kingdom
jasondavies,Jason Davies,jason@jasondavies.com,,,https://www.jasondavies.com/,"London, UK",True,mbostock,"['apache', 'plutomonkey']",united kingdom
jasondavies,Jason Davies,jason@jasondavies.com,,,https://www.jasondavies.com/,"London, UK",True,mbostock,"['apache', 'plutomonkey']",united kingdom
jasondavies,Jason Davies,jason@jasondavies.com,,,https://www.jasondavies.com/,"London, UK",True,mbostock,"['apache', 'plutomonkey']",united kingdom
jasondavies,Jason Davies,jason@jasondavies.com,,,https://www.jasondavies.com/,"London, UK",True,mbostock,"['apache', 'plutomonkey']",united kingdom
jasondavies,Jason Davies,jason@jasondavies.com,,,https://www.jasondavies.com/,"London, UK",False,,"['apache', 'plutomonkey']",united kingdom
jasondavies,Jason Davies,jason@jasondavies.com,,,https://www.jasondavies.com/,"London, UK",True,mbostock,"['apache', 'plutomonkey']",united kingdom
jasondavies,Jason Davies,jason@jasondavies.com,,,https://www.jasondavies.com/,"London, UK",True,mbostock,"['apache', 'plutomonkey']",united kingdom
jasondavies,Jason Davies,jason@jasondavies.com,,,https://www.jasondavies.com/,"London, UK",True,mbostock,"['apache', 'plutomonkey']",united kingdom
mnmly,mnmly,i.am@mnmly.com,,,http://mnmly.com,"San Francisco, CA",False,,[],united states
jasondavies,Jason Davies,jason@jasondavies.com,,,https://www.jasondavies.com/,"London, UK",True,mbostock,"['apache', 'plutomonkey']",united kingdom
rgarcia,Rafael,,,@Clever ,https://clever.com,"San Francisco, CA",False,,['Clever'],united states
jasondavies,Jason Davies,jason@jasondavies.com,,,https://www.jasondavies.com/,"London, UK",False,,"['apache', 'plutomonkey']",united kingdom
jasondavies,Jason Davies,jason@jasondavies.com,,,https://www.jasondavies.com/,"London, UK",True,mbostock,"['apache', 'plutomonkey']",united kingdom
jasondavies,Jason Davies,jason@jasondavies.com,,,https://www.jasondavies.com/,"London, UK",True,mbostock,"['apache', 'plutomonkey']",united kingdom
makyo,Madison Scott-Clary,makyo@drab-makyo.com,,@internetarchive,http://drab-makyo.com,"Everett, WA",False,,"['Weasyl', 'adjspecies', 'OpenFurry']",ghana
jnordberg,Johan Nordberg,hello@johan-nordberg.com,,,https://johan-nordberg.com,Italy / Sweden,False,,"['yellowagents', 'EpicGames']",sweden
muddydixon,muddydixon,muddydixon@gmail.com,,,http://about.me/muddydixon,Japan,False,,['CROSS2014'],japan
jasondavies,Jason Davies,jason@jasondavies.com,,,https://www.jasondavies.com/,"London, UK",True,mbostock,"['apache', 'plutomonkey']",united kingdom
jasondavies,Jason Davies,jason@jasondavies.com,,,https://www.jasondavies.com/,"London, UK",True,mbostock,"['apache', 'plutomonkey']",united kingdom
jasondavies,Jason Davies,jason@jasondavies.com,,,https://www.jasondavies.com/,"London, UK",True,mbostock,"['apache', 'plutomonkey']",united kingdom
jbeard4,Jacob Beard,jake@jacobeanrnd.com,,"Minnow Software, LLC",http://gitlab.com/jbeard4,"New York, NY",False,,[],united states
jasondavies,Jason Davies,jason@jasondavies.com,,,https://www.jasondavies.com/,"London, UK",True,mbostock,"['apache', 'plutomonkey']",united kingdom
jasondavies,Jason Davies,jason@jasondavies.com,,,https://www.jasondavies.com/,"London, UK",True,mbostock,"['apache', 'plutomonkey']",united kingdom
gunn,Arthur Gunn,arthur@wolandbros.com,,,,"Dunedin, New Zealand",False,,[],new zealand
jasondavies,Jason Davies,jason@jasondavies.com,,,https://www.jasondavies.com/,"London, UK",False,,"['apache', 'plutomonkey']",united kingdom
jasondavies,Jason Davies,jason@jasondavies.com,,,https://www.jasondavies.com/,"London, UK",True,mbostock,"['apache', 'plutomonkey']",united kingdom
jasondavies,Jason Davies,jason@jasondavies.com,,,https://www.jasondavies.com/,"London, UK",True,mbostock,"['apache', 'plutomonkey']",united kingdom
jasondavies,Jason Davies,jason@jasondavies.com,,,https://www.jasondavies.com/,"London, UK",True,mbostock,"['apache', 'plutomonkey']",united kingdom
jasondavies,Jason Davies,jason@jasondavies.com,,,https://www.jasondavies.com/,"London, UK",True,mbostock,"['apache', 'plutomonkey']",united kingdom
nicanor-b,Nick Burkhart,,,Geospatial @ UCLA,http://nickburkhart.com,"Riverside, CA",False,,[],united states
scholarsmate,Davin Shearer,,,,,"Maryland, USA",False,,[],liberia
jasondavies,Jason Davies,jason@jasondavies.com,,,https://www.jasondavies.com/,"London, UK",False,,"['apache', 'plutomonkey']",united kingdom
tbranyen,Tim Branyen,tim@tabdeveloper.com,Browser Playback @Netflix ,Netflix,http://tbranyen.com/,"San Francisco, CA",True,mbostock,"['documentcloud', 'haystack', 'nodegit', 'h5bp', 'ot-crew', 'backbone-boilerplate', 'gruntjs', 'nodejs', 'OpenSourceSystemPodcast']",united states
GerHobbelt,Ger Hobbelt,ger@hobbelt.com,,,http://hebbut.net/,Almelo (NL),False,,[],kosovo
javisantana,javi santana,,,,http://javisantana.com,Madrid,False,,['modestmaps'],spain
jasondavies,Jason Davies,jason@jasondavies.com,,,https://www.jasondavies.com/,"London, UK",False,,"['apache', 'plutomonkey']",united kingdom
GerHobbelt,Ger Hobbelt,ger@hobbelt.com,,,http://hebbut.net/,Almelo (NL),False,,[],kosovo
GerHobbelt,Ger Hobbelt,ger@hobbelt.com,,,http://hebbut.net/,Almelo (NL),False,,[],kosovo
GerHobbelt,Ger Hobbelt,ger@hobbelt.com,,,http://hebbut.net/,Almelo (NL),False,,[],kosovo
jasondavies,Jason Davies,jason@jasondavies.com,,,https://www.jasondavies.com/,"London, UK",False,,"['apache', 'plutomonkey']",united kingdom
GerHobbelt,Ger Hobbelt,ger@hobbelt.com,,,http://hebbut.net/,Almelo (NL),False,,[],kosovo
jasondavies,Jason Davies,jason@jasondavies.com,,,https://www.jasondavies.com/,"London, UK",False,,"['apache', 'plutomonkey']",united kingdom
jasondavies,Jason Davies,jason@jasondavies.com,,,https://www.jasondavies.com/,"London, UK",True,mbostock,"['apache', 'plutomonkey']",united kingdom
jasondavies,Jason Davies,jason@jasondavies.com,,,https://www.jasondavies.com/,"London, UK",False,,"['apache', 'plutomonkey']",united kingdom
jasondavies,Jason Davies,jason@jasondavies.com,,,https://www.jasondavies.com/,"London, UK",True,mbostock,"['apache', 'plutomonkey']",united kingdom
jamierytlewski,Jamie R. Rytlewski,jamie.rytlewski@gmail.com,,Michigan State University,http://rytlew.ski,"Okemos, MI",False,,['MSU-IBC'],undefined
jasondavies,Jason Davies,jason@jasondavies.com,,,https://www.jasondavies.com/,"London, UK",True,mbostock,"['apache', 'plutomonkey']",united kingdom
jasondavies,Jason Davies,jason@jasondavies.com,,,https://www.jasondavies.com/,"London, UK",False,,"['apache', 'plutomonkey']",united kingdom
jasondavies,Jason Davies,jason@jasondavies.com,,,https://www.jasondavies.com/,"London, UK",False,,"['apache', 'plutomonkey']",united kingdom
vogievetsky,Vadim Ogievetsky,vadim@ogievetsky.com,,Imply Data,http://vadim.ogievetsky.com,"San Francisco, CA",False,,['implydata'],united states
jasondavies,Jason Davies,jason@jasondavies.com,,,https://www.jasondavies.com/,"London, UK",False,,"['apache', 'plutomonkey']",united kingdom
jasondavies,Jason Davies,jason@jasondavies.com,,,https://www.jasondavies.com/,"London, UK",False,,"['apache', 'plutomonkey']",united kingdom
jasondavies,Jason Davies,jason@jasondavies.com,,,https://www.jasondavies.com/,"London, UK",True,mbostock,"['apache', 'plutomonkey']",united kingdom
jasondavies,Jason Davies,jason@jasondavies.com,,,https://www.jasondavies.com/,"London, UK",False,,"['apache', 'plutomonkey']",united kingdom
jasondavies,Jason Davies,jason@jasondavies.com,,,https://www.jasondavies.com/,"London, UK",True,mbostock,"['apache', 'plutomonkey']",united kingdom
jasondavies,Jason Davies,jason@jasondavies.com,,,https://www.jasondavies.com/,"London, UK",False,,"['apache', 'plutomonkey']",united kingdom
snoble,Steven Klaiber-Noble,,,tabletoolkit.com,blog.noblemail.ca,"Vancouver, BC, Canada",False,,[],canada
NathanaelA,Nathanael Anderson,nathan@master-technology.com,"I'm a skilled developer in a large number of different computer specialties.   I'm currently a freelance contractor, hire me! :grinning:",@master-technology ,http://master-technology.com,Consultant / Contractor / Freelancer,False,,['nstudio'],undefined
mjc-gh,Michael Coyne,mikeycgto@gmail.com,,@KnotchLabs,https://michaeljcoyne.me,New York,False,,"['KnotchLabs', 'SimplyBuilt', 'breakbase', 'GetMultipass']",united states
gregsymons,Greg Symons,gsymons@gsconsulting.biz,,,,"Austin, TX",False,,['austincodedojo'],united states
nevir,Ian MacLeod,ian@nevir.net,🚚,@convoyinc,,"Seattle, WA",False,,"['rubinius', 'convoyinc']",ghana
jasondavies,Jason Davies,jason@jasondavies.com,,,https://www.jasondavies.com/,"London, UK",False,,"['apache', 'plutomonkey']",united kingdom
jasondavies,Jason Davies,jason@jasondavies.com,,,https://www.jasondavies.com/,"London, UK",False,,"['apache', 'plutomonkey']",united kingdom
jasondavies,Jason Davies,jason@jasondavies.com,,,https://www.jasondavies.com/,"London, UK",True,mbostock,"['apache', 'plutomonkey']",united kingdom
jasondavies,Jason Davies,jason@jasondavies.com,,,https://www.jasondavies.com/,"London, UK",False,,"['apache', 'plutomonkey']",united kingdom
jasondavies,Jason Davies,jason@jasondavies.com,,,https://www.jasondavies.com/,"London, UK",True,mbostock,"['apache', 'plutomonkey']",united kingdom
nevir,Ian MacLeod,ian@nevir.net,🚚,@convoyinc,,"Seattle, WA",False,,"['rubinius', 'convoyinc']",ghana
gabrielmontagne,gabriel montagné láscaris-comneno,gabriel@tibas.london,,,http://tibas.london,london,False,,['bankofapis'],united kingdom
snoble,Steven Klaiber-Noble,,,tabletoolkit.com,blog.noblemail.ca,"Vancouver, BC, Canada",False,,[],canada
jasondavies,Jason Davies,jason@jasondavies.com,,,https://www.jasondavies.com/,"London, UK",False,,"['apache', 'plutomonkey']",united kingdom
jasondavies,Jason Davies,jason@jasondavies.com,,,https://www.jasondavies.com/,"London, UK",False,,"['apache', 'plutomonkey']",united kingdom
jasondavies,Jason Davies,jason@jasondavies.com,,,https://www.jasondavies.com/,"London, UK",False,,"['apache', 'plutomonkey']",united kingdom
jasondavies,Jason Davies,jason@jasondavies.com,,,https://www.jasondavies.com/,"London, UK",False,,"['apache', 'plutomonkey']",united kingdom
theJohnnyBrown,Jonathan Brown,hire@thejohnnybrown.com,,,,"Covington, KY",False,,[],united states
jasondavies,Jason Davies,jason@jasondavies.com,,,https://www.jasondavies.com/,"London, UK",False,,"['apache', 'plutomonkey']",united kingdom
jasondavies,Jason Davies,jason@jasondavies.com,,,https://www.jasondavies.com/,"London, UK",False,,"['apache', 'plutomonkey']",united kingdom
natevw,Nathan Vander Wilt,,,Freelance app/library developer,http://exts.ch,"Tri-Cities, WA",False,,['calftrail'],ghana
jasondavies,Jason Davies,jason@jasondavies.com,,,https://www.jasondavies.com/,"London, UK",False,,"['apache', 'plutomonkey']",united kingdom
jasondavies,Jason Davies,jason@jasondavies.com,,,https://www.jasondavies.com/,"London, UK",False,,"['apache', 'plutomonkey']",united kingdom
tcha-tcho,Eduardo Malpeli,tchatcho66@hotmail.com,,Unnon ltd,http://www.tcha-tcho.com,Brazil,False,,[],brazil
jasondavies,Jason Davies,jason@jasondavies.com,,,https://www.jasondavies.com/,"London, UK",False,,"['apache', 'plutomonkey']",united kingdom
jasondavies,Jason Davies,jason@jasondavies.com,,,https://www.jasondavies.com/,"London, UK",False,,"['apache', 'plutomonkey']",united kingdom
krid,Dirk Bergstrom,github@otisbean.com,Avid cyclist and middle-aged metalhead,,otisbean.com/,Silicon Valey,False,,[],undefined
sj26,Samuel Cochran,sj26@sj26.com,,@Buildkite,http://sj26.com,"Melbourne, Victoria",False,,['buildkite'],malta
geowa4,George Adams,oss@geowa4.software,Software Engineer focusing on measuring and delivering highly effective Value Streams via a strong DevOps culture.,,https://geowa4.software/,"Rochester, NY",True,mbostock,['rocdev-foundation'],united states
jasondavies,Jason Davies,jason@jasondavies.com,,,https://www.jasondavies.com/,"London, UK",True,mbostock,"['apache', 'plutomonkey']",united kingdom
dadleyy,Danny Hadley,dadleyy@gmail.com,,@salsify,,"Boston, MA",False,,"['salsify', 'sizethree']",united states
jasondavies,Jason Davies,jason@jasondavies.com,,,https://www.jasondavies.com/,"London, UK",True,mbostock,"['apache', 'plutomonkey']",united kingdom
jasondavies,Jason Davies,jason@jasondavies.com,,,https://www.jasondavies.com/,"London, UK",True,mbostock,"['apache', 'plutomonkey']",united kingdom
jasondavies,Jason Davies,jason@jasondavies.com,,,https://www.jasondavies.com/,"London, UK",False,,"['apache', 'plutomonkey']",united kingdom
jasondavies,Jason Davies,jason@jasondavies.com,,,https://www.jasondavies.com/,"London, UK",False,,"['apache', 'plutomonkey']",united kingdom
GerHobbelt,Ger Hobbelt,ger@hobbelt.com,,,http://hebbut.net/,Almelo (NL),False,,[],kosovo
GerHobbelt,Ger Hobbelt,ger@hobbelt.com,,,http://hebbut.net/,Almelo (NL),False,,[],kosovo
jasondavies,Jason Davies,jason@jasondavies.com,,,https://www.jasondavies.com/,"London, UK",True,mbostock,"['apache', 'plutomonkey']",united kingdom
alexstrat,Alexandre Lacheze,,,Station,https://twitter.com/al3xstrat,"Paris, France",True,mbostock,"['kadoh', 'getstation']",france
webmonarch,Eric Webb,opensource@collectivegenius.net,,,https://webb.codes,"San Francisco, CA",True,mbostock,[],united states
jasondavies,Jason Davies,jason@jasondavies.com,,,https://www.jasondavies.com/,"London, UK",False,,"['apache', 'plutomonkey']",united kingdom
dcporter,Dave Porter,,,,http://dcporter.net,"Cupertino, CA",False,,['sproutcore'],united states
marcneuwirth,Marc Neuwirth,,,HubSpot,http://marcneuwirth.com,"Somerville, MA",False,,['HubSpot'],united states
jasondavies,Jason Davies,jason@jasondavies.com,,,https://www.jasondavies.com/,"London, UK",True,mbostock,"['apache', 'plutomonkey']",united kingdom
jasondavies,Jason Davies,jason@jasondavies.com,,,https://www.jasondavies.com/,"London, UK",True,mbostock,"['apache', 'plutomonkey']",united kingdom
kitmonisit,Kit Monisit,,,,https://www.linkedin.com/in/kristofermonisit/,"Cebu City, Philippines",True,mbostock,[],philippines
kitmonisit,Kit Monisit,,,,https://www.linkedin.com/in/kristofermonisit/,"Cebu City, Philippines",True,mbostock,[],philippines
jasondavies,Jason Davies,jason@jasondavies.com,,,https://www.jasondavies.com/,"London, UK",False,,"['apache', 'plutomonkey']",united kingdom
jonseymour,Jon Seymour,jon.seymour@gmail.com,,Wild Duck Theories,http://wildducktheories.com,"Sydney, Australia",False,,[],australia
jasondavies,Jason Davies,jason@jasondavies.com,,,https://www.jasondavies.com/,"London, UK",False,,"['apache', 'plutomonkey']",united kingdom
jasondavies,Jason Davies,jason@jasondavies.com,,,https://www.jasondavies.com/,"London, UK",False,,"['apache', 'plutomonkey']",united kingdom
mmeisel,Michael Meisel,,,,,San Francisco,False,,[],united states
jasondavies,Jason Davies,jason@jasondavies.com,,,https://www.jasondavies.com/,"London, UK",False,,"['apache', 'plutomonkey']",united kingdom
jasondavies,Jason Davies,jason@jasondavies.com,,,https://www.jasondavies.com/,"London, UK",False,,"['apache', 'plutomonkey']",united kingdom
kitmonisit,Kit Monisit,,,,https://www.linkedin.com/in/kristofermonisit/,"Cebu City, Philippines",False,,[],philippines
zenmoto,David Poncelow,,,Splunk,,"Poulsbo, WA",False,,[],ghana
RichMorin,Rich Morin,rdm@cfcl.com,"Rich has been programming since 1970, using a variety of languages. He currently uses Elixir and Ruby.",Canta Forda Computer Laboratory,http://www.cfcl.com/rdm,"San Bruno, CA, USA",False,,[],united states
cscheid,Carlos Scheidegger,,"humans, data, computers, vis",University of Arizona,http://cscheid.net,"Tucson, AZ",True,mbostock,['hdc-arizona'],united states
jasondavies,Jason Davies,jason@jasondavies.com,,,https://www.jasondavies.com/,"London, UK",False,,"['apache', 'plutomonkey']",united kingdom
justincormack,Justin Cormack,justin@specialbusservice.com,Security at Docker,@docker,https://www.cloudatomiclab.com/,"Cambridge, UK",False,,"['docker', 'sabotage-linux', 'rumpkernel']",new zealand
loganlinn,Logan Linn,logan@loganlinn.com,,@optimizely ,https://twitter.com/loganlinn,San Francisco,False,,"['plumatic', 'optimizely', 'pedestal', 'omcljs']",united states
mjackson,Michael Jackson,michael@jackson.us,"Founder @ReactTraining, creator @unpkg. Thriller.",@ReactTraining ,https://mjackson.me,"Carlsbad, California",False,,"['reactjs', 'ReactTraining', 'unpkg']",united states
mjackson,Michael Jackson,michael@jackson.us,"Founder @ReactTraining, creator @unpkg. Thriller.",@ReactTraining ,https://mjackson.me,"Carlsbad, California",True,mbostock,"['reactjs', 'ReactTraining', 'unpkg']",united states
jasondavies,Jason Davies,jason@jasondavies.com,,,https://www.jasondavies.com/,"London, UK",False,,"['apache', 'plutomonkey']",united kingdom
ZeeAgency,Zee Agency,contact@zeeagency.com,,Zee Agency,http://www.zeeagency.com,Paris,False,,[],france
luispedro,Luis Pedro Coelho,luis@luispedro.org,,Fudan University,http://luispedro.org,Luxembourg & Shanghai,False,,['BigDataBiology'],china
jasondavies,Jason Davies,jason@jasondavies.com,,,https://www.jasondavies.com/,"London, UK",False,,"['apache', 'plutomonkey']",united kingdom
alex,Alex Gaynor,alex.gaynor@gmail.com,"I program computers, and build teams that program computers, with a heavy focus on security.",Alloy,https://alexgaynor.net,Washington D.C.,False,,"['django', 'pypa', 'xattr', 'python', 'WhiteHouse', 'wal-e', 'topazproject', 'PyCon', 'pyca', 'RustSec', 'fishinabarrel']",kosovo
jasondavies,Jason Davies,jason@jasondavies.com,,,https://www.jasondavies.com/,"London, UK",False,,"['apache', 'plutomonkey']",united kingdom
jasondavies,Jason Davies,jason@jasondavies.com,,,https://www.jasondavies.com/,"London, UK",True,mbostock,"['apache', 'plutomonkey']",united kingdom
jasondavies,Jason Davies,jason@jasondavies.com,,,https://www.jasondavies.com/,"London, UK",True,mbostock,"['apache', 'plutomonkey']",united kingdom
indec,Ian Malpass,,,@stitchfix ,,"Minnesota, USA",False,,[],united states
jasondavies,Jason Davies,jason@jasondavies.com,,,https://www.jasondavies.com/,"London, UK",True,mbostock,"['apache', 'plutomonkey']",united kingdom
jasondavies,Jason Davies,jason@jasondavies.com,,,https://www.jasondavies.com/,"London, UK",False,,"['apache', 'plutomonkey']",united kingdom
johan,Johan Sundström,,,Groupon,http://ecmanaut.blogspot.com/,"Mountain View, CA, USA",False,,['editorconfig'],united states
jasondavies,Jason Davies,jason@jasondavies.com,,,https://www.jasondavies.com/,"London, UK",True,mbostock,"['apache', 'plutomonkey']",united kingdom
jwhitley,John Whitley,whitley@bangpath.org,,,http://bangpath.org/,"Seattle, WA",False,,[],ghana
trevnorris,Trevor Norris,,,NodeSource,http://blog.trevnorris.com/,"Salt Lake City, UT",True,mbostock,"['jstat', 'nodesource', 'nubjs']",united states
abh,Ask Bjørn Hansen,ask@develooper.com,,,http://askask.com/,"Los Angeles, CA",False,,"['djabberd', 'smtpd', 'devel', 'ntppool']",united states
jasondavies,Jason Davies,jason@jasondavies.com,,,https://www.jasondavies.com/,"London, UK",True,mbostock,"['apache', 'plutomonkey']",united kingdom
jasondavies,Jason Davies,jason@jasondavies.com,,,https://www.jasondavies.com/,"London, UK",False,,"['apache', 'plutomonkey']",united kingdom
jasondavies,Jason Davies,jason@jasondavies.com,,,https://www.jasondavies.com/,"London, UK",True,mbostock,"['apache', 'plutomonkey']",united kingdom
conorbranagan,Conor Branagan,conor.branagan@gmail.com,,,,"New York, NY",False,,['DataDog'],united states
natevw,Nathan Vander Wilt,,,Freelance app/library developer,http://exts.ch,"Tri-Cities, WA",False,,['calftrail'],ghana
twooster,Tony Wooster,,,@contentful ,http://tonywooster.com,Berlin,False,,[],germany
asuth,Andrew Sutherland,,"CTO and Founder of @quizlet
We're hiring: quizlet.com/jobs",Quizlet,https://asuth.com,"San Francisco, CA",True,mbostock,['quizlet'],united states
jasondavies,Jason Davies,jason@jasondavies.com,,,https://www.jasondavies.com/,"London, UK",True,mbostock,"['apache', 'plutomonkey']",united kingdom
bbroeksema,Bertjan Broeksema,,,@BigDataRepublic,https://bbroeksema.github.io/,Netherlands,False,,[],netherlands
jasondavies,Jason Davies,jason@jasondavies.com,,,https://www.jasondavies.com/,"London, UK",False,,"['apache', 'plutomonkey']",united kingdom
jasondavies,Jason Davies,jason@jasondavies.com,,,https://www.jasondavies.com/,"London, UK",True,mbostock,"['apache', 'plutomonkey']",united kingdom
jasondavies,Jason Davies,jason@jasondavies.com,,,https://www.jasondavies.com/,"London, UK",False,,"['apache', 'plutomonkey']",united kingdom
andycjw,Andy Chong,andycjw@gmail.com,,Delta Cloud Computing,,Taipei,True,mbostock,[],taiwan
drslump,Iván Montes,drslump@pollinimini.net,,@3Titanes ,http://pollinimini.net,Barcelona,False,,[],spain
GerHobbelt,Ger Hobbelt,ger@hobbelt.com,,,http://hebbut.net/,Almelo (NL),True,mbostock,[],kosovo
jasondavies,Jason Davies,jason@jasondavies.com,,,https://www.jasondavies.com/,"London, UK",True,mbostock,"['apache', 'plutomonkey']",united kingdom
jasondavies,Jason Davies,jason@jasondavies.com,,,https://www.jasondavies.com/,"London, UK",True,mbostock,"['apache', 'plutomonkey']",united kingdom
jasondavies,Jason Davies,jason@jasondavies.com,,,https://www.jasondavies.com/,"London, UK",True,mbostock,"['apache', 'plutomonkey']",united kingdom
jasondavies,Jason Davies,jason@jasondavies.com,,,https://www.jasondavies.com/,"London, UK",True,mbostock,"['apache', 'plutomonkey']",united kingdom
jasondavies,Jason Davies,jason@jasondavies.com,,,https://www.jasondavies.com/,"London, UK",True,mbostock,"['apache', 'plutomonkey']",united kingdom
natevw,Nathan Vander Wilt,,,Freelance app/library developer,http://exts.ch,"Tri-Cities, WA",False,,['calftrail'],ghana
jasondavies,Jason Davies,jason@jasondavies.com,,,https://www.jasondavies.com/,"London, UK",True,mbostock,"['apache', 'plutomonkey']",united kingdom
jasondavies,Jason Davies,jason@jasondavies.com,,,https://www.jasondavies.com/,"London, UK",True,mbostock,"['apache', 'plutomonkey']",united kingdom
jasondavies,Jason Davies,jason@jasondavies.com,,,https://www.jasondavies.com/,"London, UK",False,,"['apache', 'plutomonkey']",united kingdom
jasondavies,Jason Davies,jason@jasondavies.com,,,https://www.jasondavies.com/,"London, UK",True,mbostock,"['apache', 'plutomonkey']",united kingdom
jasondavies,Jason Davies,jason@jasondavies.com,,,https://www.jasondavies.com/,"London, UK",False,,"['apache', 'plutomonkey']",united kingdom
jasondavies,Jason Davies,jason@jasondavies.com,,,https://www.jasondavies.com/,"London, UK",False,,"['apache', 'plutomonkey']",united kingdom
jasondavies,Jason Davies,jason@jasondavies.com,,,https://www.jasondavies.com/,"London, UK",False,,"['apache', 'plutomonkey']",united kingdom
jasondavies,Jason Davies,jason@jasondavies.com,,,https://www.jasondavies.com/,"London, UK",True,mbostock,"['apache', 'plutomonkey']",united kingdom
jasondavies,Jason Davies,jason@jasondavies.com,,,https://www.jasondavies.com/,"London, UK",True,mbostock,"['apache', 'plutomonkey']",united kingdom
GunioRobot,Gun.io Robot,,,Gun.io,http://gun.io,The Plains!,False,,[],kosovo
jasondavies,Jason Davies,jason@jasondavies.com,,,https://www.jasondavies.com/,"London, UK",False,,"['apache', 'plutomonkey']",united kingdom
jasondavies,Jason Davies,jason@jasondavies.com,,,https://www.jasondavies.com/,"London, UK",True,mbostock,"['apache', 'plutomonkey']",united kingdom
jasondavies,Jason Davies,jason@jasondavies.com,,,https://www.jasondavies.com/,"London, UK",False,,"['apache', 'plutomonkey']",united kingdom
johan,Johan Sundström,,,Groupon,http://ecmanaut.blogspot.com/,"Mountain View, CA, USA",False,,['editorconfig'],united states
jasondavies,Jason Davies,jason@jasondavies.com,,,https://www.jasondavies.com/,"London, UK",True,mbostock,"['apache', 'plutomonkey']",united kingdom
jasondavies,Jason Davies,jason@jasondavies.com,,,https://www.jasondavies.com/,"London, UK",True,mbostock,"['apache', 'plutomonkey']",united kingdom
jasondavies,Jason Davies,jason@jasondavies.com,,,https://www.jasondavies.com/,"London, UK",True,mbostock,"['apache', 'plutomonkey']",united kingdom
jasondavies,Jason Davies,jason@jasondavies.com,,,https://www.jasondavies.com/,"London, UK",True,mbostock,"['apache', 'plutomonkey']",united kingdom
jasondavies,Jason Davies,jason@jasondavies.com,,,https://www.jasondavies.com/,"London, UK",True,mbostock,"['apache', 'plutomonkey']",united kingdom
jasondavies,Jason Davies,jason@jasondavies.com,,,https://www.jasondavies.com/,"London, UK",True,mbostock,"['apache', 'plutomonkey']",united kingdom
jasondavies,Jason Davies,jason@jasondavies.com,,,https://www.jasondavies.com/,"London, UK",True,mbostock,"['apache', 'plutomonkey']",united kingdom
jasondavies,Jason Davies,jason@jasondavies.com,,,https://www.jasondavies.com/,"London, UK",True,mbostock,"['apache', 'plutomonkey']",united kingdom
jasondavies,Jason Davies,jason@jasondavies.com,,,https://www.jasondavies.com/,"London, UK",True,mbostock,"['apache', 'plutomonkey']",united kingdom
jasondavies,Jason Davies,jason@jasondavies.com,,,https://www.jasondavies.com/,"London, UK",False,,"['apache', 'plutomonkey']",united kingdom
jasondavies,Jason Davies,jason@jasondavies.com,,,https://www.jasondavies.com/,"London, UK",False,,"['apache', 'plutomonkey']",united kingdom
abernier,Antoine BERNIER,,,,http://abernier.name,Paris,False,,['goodenough'],france
jasondavies,Jason Davies,jason@jasondavies.com,,,https://www.jasondavies.com/,"London, UK",True,mbostock,"['apache', 'plutomonkey']",united kingdom
jasondavies,Jason Davies,jason@jasondavies.com,,,https://www.jasondavies.com/,"London, UK",True,mbostock,"['apache', 'plutomonkey']",united kingdom
johan,Johan Sundström,,,Groupon,http://ecmanaut.blogspot.com/,"Mountain View, CA, USA",True,mbostock,['editorconfig'],united states
jasondavies,Jason Davies,jason@jasondavies.com,,,https://www.jasondavies.com/,"London, UK",True,mbostock,"['apache', 'plutomonkey']",united kingdom
lynaghk,Kevin Lynagh,kevin@keminglabs.com,,Keming Labs,https://kevinlynagh.com,"Oakland, California",False,,"['clojure', 'keminglabs']",united states
pjjw,peter woodman,peter@shortbus.org,,"pork industries, llc.",http://shortbus.org/,"new york, ny",True,mbostock,[],united states
pjjw,peter woodman,peter@shortbus.org,,"pork industries, llc.",http://shortbus.org/,"new york, ny",True,mbostock,[],united states
jasondavies,Jason Davies,jason@jasondavies.com,,,https://www.jasondavies.com/,"London, UK",False,,"['apache', 'plutomonkey']",united kingdom
jasondavies,Jason Davies,jason@jasondavies.com,,,https://www.jasondavies.com/,"London, UK",True,mbostock,"['apache', 'plutomonkey']",united kingdom
jasondavies,Jason Davies,jason@jasondavies.com,,,https://www.jasondavies.com/,"London, UK",True,mbostock,"['apache', 'plutomonkey']",united kingdom
AWinterman,Andrew Winterman,andywinterman@gmail.com,,@mercycorps ,https://awinterman.github.io,Portland OR,False,,[],undefined
boothead,Ben Ford,ben@commando.dev,,Commando Development,https://commando.dev,UK,False,,[],undefined
enjalot,Ian Johnson,enjalot@gmail.com,"pixel flipper, data sifter. trying to see what I can while I'm here",@google,http://enjalot.github.io,"San Francisco, CA",False,,"['tegaki', 'codeparty', 'google', 'GoogleCloudPlatform', 'datapad', 'visfest']",united states
jasondavies,Jason Davies,jason@jasondavies.com,,,https://www.jasondavies.com/,"London, UK",True,mbostock,"['apache', 'plutomonkey']",united kingdom
jasondavies,Jason Davies,jason@jasondavies.com,,,https://www.jasondavies.com/,"London, UK",True,mbostock,"['apache', 'plutomonkey']",united kingdom
jasondavies,Jason Davies,jason@jasondavies.com,,,https://www.jasondavies.com/,"London, UK",True,mbostock,"['apache', 'plutomonkey']",united kingdom
jasondavies,Jason Davies,jason@jasondavies.com,,,https://www.jasondavies.com/,"London, UK",True,mbostock,"['apache', 'plutomonkey']",united kingdom
jasondavies,Jason Davies,jason@jasondavies.com,,,https://www.jasondavies.com/,"London, UK",True,mbostock,"['apache', 'plutomonkey']",united kingdom
jasondavies,Jason Davies,jason@jasondavies.com,,,https://www.jasondavies.com/,"London, UK",True,mbostock,"['apache', 'plutomonkey']",united kingdom
jasondavies,Jason Davies,jason@jasondavies.com,,,https://www.jasondavies.com/,"London, UK",True,mbostock,"['apache', 'plutomonkey']",united kingdom
syntagmatic,Kai,,,,http://bl.ocks.org/syntagmatic,San Francisco,False,,[],united states
jasondavies,Jason Davies,jason@jasondavies.com,,,https://www.jasondavies.com/,"London, UK",True,mbostock,"['apache', 'plutomonkey']",united kingdom
jasondavies,Jason Davies,jason@jasondavies.com,,,https://www.jasondavies.com/,"London, UK",True,mbostock,"['apache', 'plutomonkey']",united kingdom
jasondavies,Jason Davies,jason@jasondavies.com,,,https://www.jasondavies.com/,"London, UK",True,mbostock,"['apache', 'plutomonkey']",united kingdom
jasondavies,Jason Davies,jason@jasondavies.com,,,https://www.jasondavies.com/,"London, UK",True,mbostock,"['apache', 'plutomonkey']",united kingdom
jasondavies,Jason Davies,jason@jasondavies.com,,,https://www.jasondavies.com/,"London, UK",False,,"['apache', 'plutomonkey']",united kingdom
xaviershay,Xavier Shay,contact@xaviershay.com,,,https://xaviershay.com,"Melbourne, Australia",True,mbostock,['rspec'],australia
jasondavies,Jason Davies,jason@jasondavies.com,,,https://www.jasondavies.com/,"London, UK",True,mbostock,"['apache', 'plutomonkey']",united kingdom
jasondavies,Jason Davies,jason@jasondavies.com,,,https://www.jasondavies.com/,"London, UK",True,mbostock,"['apache', 'plutomonkey']",united kingdom
jasondavies,Jason Davies,jason@jasondavies.com,,,https://www.jasondavies.com/,"London, UK",True,mbostock,"['apache', 'plutomonkey']",united kingdom
jasondavies,Jason Davies,jason@jasondavies.com,,,https://www.jasondavies.com/,"London, UK",True,mbostock,"['apache', 'plutomonkey']",united kingdom
jasondavies,Jason Davies,jason@jasondavies.com,,,https://www.jasondavies.com/,"London, UK",True,mbostock,"['apache', 'plutomonkey']",united kingdom
jasondavies,Jason Davies,jason@jasondavies.com,,,https://www.jasondavies.com/,"London, UK",True,mbostock,"['apache', 'plutomonkey']",united kingdom
jasondavies,Jason Davies,jason@jasondavies.com,,,https://www.jasondavies.com/,"London, UK",True,mbostock,"['apache', 'plutomonkey']",united kingdom
maoe,Mitsutoshi Aoe,me@maoe.name,,@tsurucapital ,https://medium.com/@maoe,"Tokyo, Japan",True,mbostock,"['haskell', 'tsurucapital', 'haskell-org']",japan
lynaghk,Kevin Lynagh,kevin@keminglabs.com,,Keming Labs,https://kevinlynagh.com,"Oakland, California",False,,"['clojure', 'keminglabs']",united states
jfirebaugh,John Firebaugh,,,@figma ,,"San Francisco, CA",True,mbostock,"['openstreetmap', 'rubinius', 'ruby-debug', 'chaijs', 'Leaflet', 'osmlab', 'maptime', 'Turfjs', 'Project-OSRM', 'documentationjs', 'DADACONF']",united states
jasondavies,Jason Davies,jason@jasondavies.com,,,https://www.jasondavies.com/,"London, UK",True,mbostock,"['apache', 'plutomonkey']",united kingdom
futuraprime,Evan Hensleigh,,,The Economist,,"London, UK",False,,['TheEconomist'],united kingdom
jasondavies,Jason Davies,jason@jasondavies.com,,,https://www.jasondavies.com/,"London, UK",True,mbostock,"['apache', 'plutomonkey']",united kingdom
jasondavies,Jason Davies,jason@jasondavies.com,,,https://www.jasondavies.com/,"London, UK",True,mbostock,"['apache', 'plutomonkey']",united kingdom
jasondavies,Jason Davies,jason@jasondavies.com,,,https://www.jasondavies.com/,"London, UK",True,mbostock,"['apache', 'plutomonkey']",united kingdom
tmont,Tommy Montgomery,,,,http://tmont.com/,Washington,True,mbostock,[],united states
jasondavies,Jason Davies,jason@jasondavies.com,,,https://www.jasondavies.com/,"London, UK",True,mbostock,"['apache', 'plutomonkey']",united kingdom
jasondavies,Jason Davies,jason@jasondavies.com,,,https://www.jasondavies.com/,"London, UK",True,mbostock,"['apache', 'plutomonkey']",united kingdom
caged,Justin Palmer,justin@labratrevenge.com,"Engineering, Data Visualization, Design.  Previously @github. ",,http://labratrevenge.com,"Portland, OR",True,mbostock,"['pdxosgeo', 'sports']",united states
lynaghk,Kevin Lynagh,kevin@keminglabs.com,,Keming Labs,https://kevinlynagh.com,"Oakland, California",True,mbostock,"['clojure', 'keminglabs']",united states
drio,David Rio Deiros,,,librato,https://drio.org,Planet Earth,False,,['swcarpentry'],undefined
jasondavies,Jason Davies,jason@jasondavies.com,,,https://www.jasondavies.com/,"London, UK",True,mbostock,"['apache', 'plutomonkey']",united kingdom
ignacioola,Ignacio,,Developer and co-founder @ Underscope | React Native ,Underscope,http://underscope.io,"Buenos Aires, Argentina",True,mbostock,[],argentina
jmalonzo,Jan Alonzo,,"Developer / programmer, and tinkerer",,https://janalonzo.com,"Sydney, Australia",True,mbostock,[],australia
natevw,Nathan Vander Wilt,,,Freelance app/library developer,http://exts.ch,"Tri-Cities, WA",True,mbostock,['calftrail'],ghana
jasondavies,Jason Davies,jason@jasondavies.com,,,https://www.jasondavies.com/,"London, UK",False,,"['apache', 'plutomonkey']",united kingdom
jasondavies,Jason Davies,jason@jasondavies.com,,,https://www.jasondavies.com/,"London, UK",False,,"['apache', 'plutomonkey']",united kingdom
jasondavies,Jason Davies,jason@jasondavies.com,,,https://www.jasondavies.com/,"London, UK",False,,"['apache', 'plutomonkey']",united kingdom
jasondavies,Jason Davies,jason@jasondavies.com,,,https://www.jasondavies.com/,"London, UK",False,,"['apache', 'plutomonkey']",united kingdom
jasondavies,Jason Davies,jason@jasondavies.com,,,https://www.jasondavies.com/,"London, UK",True,mbostock,"['apache', 'plutomonkey']",united kingdom
jasondavies,Jason Davies,jason@jasondavies.com,,,https://www.jasondavies.com/,"London, UK",True,mbostock,"['apache', 'plutomonkey']",united kingdom
lynaghk,Kevin Lynagh,kevin@keminglabs.com,,Keming Labs,https://kevinlynagh.com,"Oakland, California",True,mbostock,"['clojure', 'keminglabs']",united states
jasondavies,Jason Davies,jason@jasondavies.com,,,https://www.jasondavies.com/,"London, UK",True,mbostock,"['apache', 'plutomonkey']",united kingdom
syntagmatic,Kai,,,,http://bl.ocks.org/syntagmatic,San Francisco,False,,[],united states
jasondavies,Jason Davies,jason@jasondavies.com,,,https://www.jasondavies.com/,"London, UK",True,mbostock,"['apache', 'plutomonkey']",united kingdom
jasondavies,Jason Davies,jason@jasondavies.com,,,https://www.jasondavies.com/,"London, UK",False,,"['apache', 'plutomonkey']",united kingdom
jasondavies,Jason Davies,jason@jasondavies.com,,,https://www.jasondavies.com/,"London, UK",False,,"['apache', 'plutomonkey']",united kingdom
jasondavies,Jason Davies,jason@jasondavies.com,,,https://www.jasondavies.com/,"London, UK",False,,"['apache', 'plutomonkey']",united kingdom
jasondavies,Jason Davies,jason@jasondavies.com,,,https://www.jasondavies.com/,"London, UK",False,,"['apache', 'plutomonkey']",united kingdom
jasondavies,Jason Davies,jason@jasondavies.com,,,https://www.jasondavies.com/,"London, UK",False,,"['apache', 'plutomonkey']",united kingdom
jasondavies,Jason Davies,jason@jasondavies.com,,,https://www.jasondavies.com/,"London, UK",True,mbostock,"['apache', 'plutomonkey']",united kingdom
jasondavies,Jason Davies,jason@jasondavies.com,,,https://www.jasondavies.com/,"London, UK",True,mbostock,"['apache', 'plutomonkey']",united kingdom
jasondavies,Jason Davies,jason@jasondavies.com,,,https://www.jasondavies.com/,"London, UK",True,mbostock,"['apache', 'plutomonkey']",united kingdom
jasondavies,Jason Davies,jason@jasondavies.com,,,https://www.jasondavies.com/,"London, UK",True,mbostock,"['apache', 'plutomonkey']",united kingdom
jasondavies,Jason Davies,jason@jasondavies.com,,,https://www.jasondavies.com/,"London, UK",False,,"['apache', 'plutomonkey']",united kingdom
jasondavies,Jason Davies,jason@jasondavies.com,,,https://www.jasondavies.com/,"London, UK",True,mbostock,"['apache', 'plutomonkey']",united kingdom
jasondavies,Jason Davies,jason@jasondavies.com,,,https://www.jasondavies.com/,"London, UK",True,mbostock,"['apache', 'plutomonkey']",united kingdom
jasondavies,Jason Davies,jason@jasondavies.com,,,https://www.jasondavies.com/,"London, UK",True,mbostock,"['apache', 'plutomonkey']",united kingdom
jasondavies,Jason Davies,jason@jasondavies.com,,,https://www.jasondavies.com/,"London, UK",False,,"['apache', 'plutomonkey']",united kingdom
jasondavies,Jason Davies,jason@jasondavies.com,,,https://www.jasondavies.com/,"London, UK",True,mbostock,"['apache', 'plutomonkey']",united kingdom
jasondavies,Jason Davies,jason@jasondavies.com,,,https://www.jasondavies.com/,"London, UK",True,mbostock,"['apache', 'plutomonkey']",united kingdom
jasondavies,Jason Davies,jason@jasondavies.com,,,https://www.jasondavies.com/,"London, UK",True,mbostock,"['apache', 'plutomonkey']",united kingdom
jasondavies,Jason Davies,jason@jasondavies.com,,,https://www.jasondavies.com/,"London, UK",False,,"['apache', 'plutomonkey']",united kingdom
jasondavies,Jason Davies,jason@jasondavies.com,,,https://www.jasondavies.com/,"London, UK",True,mbostock,"['apache', 'plutomonkey']",united kingdom
jasondavies,Jason Davies,jason@jasondavies.com,,,https://www.jasondavies.com/,"London, UK",True,mbostock,"['apache', 'plutomonkey']",united kingdom
jasondavies,Jason Davies,jason@jasondavies.com,,,https://www.jasondavies.com/,"London, UK",True,mbostock,"['apache', 'plutomonkey']",united kingdom
jasondavies,Jason Davies,jason@jasondavies.com,,,https://www.jasondavies.com/,"London, UK",True,mbostock,"['apache', 'plutomonkey']",united kingdom
jasondavies,Jason Davies,jason@jasondavies.com,,,https://www.jasondavies.com/,"London, UK",True,mbostock,"['apache', 'plutomonkey']",united kingdom
jasondavies,Jason Davies,jason@jasondavies.com,,,https://www.jasondavies.com/,"London, UK",True,mbostock,"['apache', 'plutomonkey']",united kingdom
jasondavies,Jason Davies,jason@jasondavies.com,,,https://www.jasondavies.com/,"London, UK",True,mbostock,"['apache', 'plutomonkey']",united kingdom
jasondavies,Jason Davies,jason@jasondavies.com,,,https://www.jasondavies.com/,"London, UK",True,mbostock,"['apache', 'plutomonkey']",united kingdom
jasondavies,Jason Davies,jason@jasondavies.com,,,https://www.jasondavies.com/,"London, UK",True,mbostock,"['apache', 'plutomonkey']",united kingdom
jasondavies,Jason Davies,jason@jasondavies.com,,,https://www.jasondavies.com/,"London, UK",True,mbostock,"['apache', 'plutomonkey']",united kingdom
jasondavies,Jason Davies,jason@jasondavies.com,,,https://www.jasondavies.com/,"London, UK",True,mbostock,"['apache', 'plutomonkey']",united kingdom
jasondavies,Jason Davies,jason@jasondavies.com,,,https://www.jasondavies.com/,"London, UK",True,mbostock,"['apache', 'plutomonkey']",united kingdom
jasondavies,Jason Davies,jason@jasondavies.com,,,https://www.jasondavies.com/,"London, UK",True,mbostock,"['apache', 'plutomonkey']",united kingdom
caged,Justin Palmer,justin@labratrevenge.com,"Engineering, Data Visualization, Design.  Previously @github. ",,http://labratrevenge.com,"Portland, OR",True,mbostock,"['pdxosgeo', 'sports']",united states
jasondavies,Jason Davies,jason@jasondavies.com,,,https://www.jasondavies.com/,"London, UK",True,mbostock,"['apache', 'plutomonkey']",united kingdom
jasondavies,Jason Davies,jason@jasondavies.com,,,https://www.jasondavies.com/,"London, UK",True,mbostock,"['apache', 'plutomonkey']",united kingdom
jasondavies,Jason Davies,jason@jasondavies.com,,,https://www.jasondavies.com/,"London, UK",False,,"['apache', 'plutomonkey']",united kingdom
jasondavies,Jason Davies,jason@jasondavies.com,,,https://www.jasondavies.com/,"London, UK",True,mbostock,"['apache', 'plutomonkey']",united kingdom
jasondavies,Jason Davies,jason@jasondavies.com,,,https://www.jasondavies.com/,"London, UK",True,mbostock,"['apache', 'plutomonkey']",united kingdom
jasondavies,Jason Davies,jason@jasondavies.com,,,https://www.jasondavies.com/,"London, UK",True,mbostock,"['apache', 'plutomonkey']",united kingdom
jasondavies,Jason Davies,jason@jasondavies.com,,,https://www.jasondavies.com/,"London, UK",True,mbostock,"['apache', 'plutomonkey']",united kingdom
jasondavies,Jason Davies,jason@jasondavies.com,,,https://www.jasondavies.com/,"London, UK",False,,"['apache', 'plutomonkey']",united kingdom
jasondavies,Jason Davies,jason@jasondavies.com,,,https://www.jasondavies.com/,"London, UK",False,,"['apache', 'plutomonkey']",united kingdom
jasondavies,Jason Davies,jason@jasondavies.com,,,https://www.jasondavies.com/,"London, UK",True,mbostock,"['apache', 'plutomonkey']",united kingdom
jasondavies,Jason Davies,jason@jasondavies.com,,,https://www.jasondavies.com/,"London, UK",True,mbostock,"['apache', 'plutomonkey']",united kingdom
jasondavies,Jason Davies,jason@jasondavies.com,,,https://www.jasondavies.com/,"London, UK",True,,"['apache', 'plutomonkey']",united kingdom
jasondavies,Jason Davies,jason@jasondavies.com,,,https://www.jasondavies.com/,"London, UK",True,,"['apache', 'plutomonkey']",united kingdom
jasondavies,Jason Davies,jason@jasondavies.com,,,https://www.jasondavies.com/,"London, UK",True,mbostock,"['apache', 'plutomonkey']",united kingdom
jasondavies,Jason Davies,jason@jasondavies.com,,,https://www.jasondavies.com/,"London, UK",True,,"['apache', 'plutomonkey']",united kingdom
jasondavies,Jason Davies,jason@jasondavies.com,,,https://www.jasondavies.com/,"London, UK",True,,"['apache', 'plutomonkey']",united kingdom
underbluewaters,Chad Burt,chad@underbluewaters.net,Principal Developer for the McClintock Lab at UCSB,https://seasketch.org,,"Santa Barbara, CA",False,,"['mcclintock-lab', 'oceanscollaborative']",mexico
jasondavies,Jason Davies,jason@jasondavies.com,,,https://www.jasondavies.com/,"London, UK",True,mbostock,"['apache', 'plutomonkey']",united kingdom
jasondavies,Jason Davies,jason@jasondavies.com,,,https://www.jasondavies.com/,"London, UK",True,,"['apache', 'plutomonkey']",united kingdom
jasondavies,Jason Davies,jason@jasondavies.com,,,https://www.jasondavies.com/,"London, UK",True,,"['apache', 'plutomonkey']",united kingdom
jasondavies,Jason Davies,jason@jasondavies.com,,,https://www.jasondavies.com/,"London, UK",True,,"['apache', 'plutomonkey']",united kingdom
jasondavies,Jason Davies,jason@jasondavies.com,,,https://www.jasondavies.com/,"London, UK",False,,"['apache', 'plutomonkey']",united kingdom
jheer,Jeffrey Heer,,"UW Computer Science Professor. Co-Founder of Trifacta. Data, visualization & interaction. @uwdata @trifacta @d3 @vega ","University of Washington, Trifacta Inc.",http://homes.cs.washington.edu/~jheer,"Seattle, WA",True,,"['protovis', 'StanfordHCI', 'trifacta', 'uwdata', 'vega', 'CSE512-16S']",ghana
jheer,Jeffrey Heer,,"UW Computer Science Professor. Co-Founder of Trifacta. Data, visualization & interaction. @uwdata @trifacta @d3 @vega ","University of Washington, Trifacta Inc.",http://homes.cs.washington.edu/~jheer,"Seattle, WA",True,,"['protovis', 'StanfordHCI', 'trifacta', 'uwdata', 'vega', 'CSE512-16S']",ghana
