login,name,email,bio,company,blog,location,merged,merged_by,orgs,country
dverdugo85,Daniel Verdugo Gonzalez,dverdugo85@gmail.com,,Bimbask,http://www.bimbask.com,Chile,False,,[],chile
rbanffy,Ricardo Bánffy,rbanffy@gmail.com,"Computer whisperer, cloud charmer, seasoned geek, round peg, writer of executable poetry.",Zendesk,http://about.me/rbanffy,"Dublin, Ireland",False,,"['plone', 'collective', 'plonegovbr']",ireland
bdbaddog,William Deegan,bill@baddogconsulting.com,"Software consultant providing build and test automation, web and mobile app development.   Buildbot BotHerder  (management board), and Co-Manager SCons Project",,http://baddogconsulting.com,127.0.0.1,False,,['buildbot'],kosovo
bdbaddog,William Deegan,bill@baddogconsulting.com,"Software consultant providing build and test automation, web and mobile app development.   Buildbot BotHerder  (management board), and Co-Manager SCons Project",,http://baddogconsulting.com,127.0.0.1,False,,['buildbot'],kosovo
sc250024,Scott Crooks,,,StackState B.V.,,"Amsterdam, The Netherlands",False,,[],netherlands
ekevoo,Ekevoo,,,,http://twitter.com/Ekevoo,"Toronto, Canada",False,,['jassg-to'],canada
sntdevco,Sayan Nandan,,"Programmer, innovator and futurist
// 16 year old
// No man is an island!
// Rust is my ❤",,https://sntdevco.github.io/,The Internet,False,,"['EpicGames', 'AOSPR']",undefined
bdbaddog,William Deegan,bill@baddogconsulting.com,"Software consultant providing build and test automation, web and mobile app development.   Buildbot BotHerder  (management board), and Co-Manager SCons Project",,http://baddogconsulting.com,127.0.0.1,False,,['buildbot'],kosovo
mixmatch,Daniel Petty,mixmatch@gmail.com,science fiction == future reality,,http://danielpetty.com,"Denver, CO, USA",False,,[],united states
mixmatch,Daniel Petty,mixmatch@gmail.com,science fiction == future reality,,http://danielpetty.com,"Denver, CO, USA",False,,[],united states
shoaibrayeen,Shoaib Rayeen,shoaib.mca17.du@gmail.com,"MCA - Department of Computer Science , University of Delhi | Alexa Student Influencer @Alexa",@DUCS,https://shoaibrayeen.github.io,"New Delhi , India",False,,[],india
oc666,Ofer Cohen,,,S.D.O.C. Ltd.,http://billrun.net,Israel,False,,[],israel
gaiscioch,Cameron Brill,,NLP researcher. RL/DL practitioner. State Farm SWE.,,,"Dallas, TX",False,,[],united states
JFLABO,JFLABO[JP],,"＠Ｃａｆｅ around skytree
software network alliance Comptia
",JFLABO,http://jflabo.org/tbrploc/public/,Japan Tokyo Sumida-Ku,False,,[],undefined
asya999,Asya Kamsky,asya@kamsky.org,,@mongodb ,,"New York, NY",False,,['10gen'],united states
asya999,Asya Kamsky,asya@kamsky.org,,@mongodb ,,"New York, NY",False,,['10gen'],united states
PrashanthCorp,Prashanth,,Dev @Azure ,@Microsoft ,,"Seattle, WA",False,,[],ghana
Dandanlin0702,Dandan Lin,,Software Engineer,,https://www.linkedin.com/in/dandanlin0702/,New York,False,,[],united states
Dandanlin0702,Dandan Lin,,Software Engineer,,https://www.linkedin.com/in/dandanlin0702/,New York,False,,[],united states
KevinCybura,Kevin Cybura,,,@SimpleBet ,,New York City,False,,['BVE-Reborn'],united states
xdg,David Golden,,"Staff engineer @MongoDB. I like building things, solving problems and playing games, occasionally at the same time.",@mongodb ,https://xdg.me/,NYC,False,,['StrawberryPerl'],united states
KevinCybura,Kevin Cybura,,,@SimpleBet ,,New York City,False,,['BVE-Reborn'],united states
Dandanlin0702,Dandan Lin,,Software Engineer,,https://www.linkedin.com/in/dandanlin0702/,New York,False,,[],united states
Dandanlin0702,Dandan Lin,,Software Engineer,,https://www.linkedin.com/in/dandanlin0702/,New York,False,,[],united states
KevinCybura,Kevin Cybura,,,@SimpleBet ,,New York City,False,,['BVE-Reborn'],united states
KevinCybura,Kevin Cybura,,,@SimpleBet ,,New York City,False,,['BVE-Reborn'],united states
cramaechi,Chibuikem Amaechi,cramaechi@gmail.com,I think abstract.,,,"Houston, Texas",False,,[],united states
Dandanlin0702,Dandan Lin,,Software Engineer,,https://www.linkedin.com/in/dandanlin0702/,New York,False,,[],united states
Dandanlin0702,Dandan Lin,,Software Engineer,,https://www.linkedin.com/in/dandanlin0702/,New York,False,,[],united states
kakts,Keita Akutsu,kakts.git@gmail.com,,Cyberagent.inc,http://kakts-tec.hatenablog.com/,"Tokyo, Japan",False,,[],japan
juanpaulo,Paulo Gutierrez,juanpaulo.gutierrez@gmail.com,,@databricks,https://paulo.gutierrez.life,"Tokyo, Japan",False,,['databricks'],japan
KevinCybura,Kevin Cybura,,,@SimpleBet ,,New York City,False,,['BVE-Reborn'],united states
dtbartle,David Bartley,,,,,"San Francisco, CA",False,,[],united states
KevinCybura,Kevin Cybura,,,@SimpleBet ,,New York City,False,,['BVE-Reborn'],united states
deafgoat,Wisdom Omuya,deafgoat@gmail.com,,,,New York,False,,[],united states
jinxufei,just listen,,code and listen,Weshare,,beijing,False,,[],china
kakts,Keita Akutsu,kakts.git@gmail.com,,Cyberagent.inc,http://kakts-tec.hatenablog.com/,"Tokyo, Japan",False,,[],japan
cramaechi,Chibuikem Amaechi,cramaechi@gmail.com,I think abstract.,,,"Houston, Texas",False,,[],united states
cramaechi,Chibuikem Amaechi,cramaechi@gmail.com,I think abstract.,,,"Houston, Texas",False,,[],united states
cramaechi,Chibuikem Amaechi,cramaechi@gmail.com,I think abstract.,,,"Houston, Texas",False,,[],united states
cramaechi,Chibuikem Amaechi,cramaechi@gmail.com,I think abstract.,,,"Houston, Texas",False,,[],united states
cramaechi,Chibuikem Amaechi,cramaechi@gmail.com,I think abstract.,,,"Houston, Texas",False,,[],united states
cramaechi,Chibuikem Amaechi,cramaechi@gmail.com,I think abstract.,,,"Houston, Texas",False,,[],united states
cramaechi,Chibuikem Amaechi,cramaechi@gmail.com,I think abstract.,,,"Houston, Texas",False,,[],united states
kakts,Keita Akutsu,kakts.git@gmail.com,,Cyberagent.inc,http://kakts-tec.hatenablog.com/,"Tokyo, Japan",False,,[],japan
cramaechi,Chibuikem Amaechi,cramaechi@gmail.com,I think abstract.,,,"Houston, Texas",False,,[],united states
bmanojlovic,Boris Manojlovic,,"dd if=/dev/zero of=/dev/null bs=1M
",,http://steki.net/,"Belgrade, Serbia",False,,[],serbia
sindbach,Wan Bachtiar,,,,https://stackoverflow.com/users/2934579,"Sydney, Australia",False,,[],australia
apocarteres,Alexander Paderin,apocarteres@gmail.com,dark coder,RuAds,https://ruads.org,"Russia, Moscow",False,,[],russia
apocarteres,Alexander Paderin,apocarteres@gmail.com,dark coder,RuAds,https://ruads.org,"Russia, Moscow",False,,[],russia
ebcagadas,Emmanuel Cagadas,,,,,"Quezon City, Philippines",False,,[],philippines
sindbach,Wan Bachtiar,,,,https://stackoverflow.com/users/2934579,"Sydney, Australia",False,,[],australia
jimpallomeni,John Impallomeni,,I am just a sysadmin who is trying to use code to make my job easier.,,http://happysubnet.com,New Mexico,False,,[],united states
ksuarz,Kyle Suarez,,,Two Sigma,,New Jersey / New York,False,,['oss'],united states
jelly,jelle van der Waa,jelle@vdwaa.nl,Arch Linux Developer,@Kopano-dev ,https://vdwaa.nl,NL,False,,"['Arch-Games', 'archlinux', 'revspace', 'neomutt', 'Kopano-dev']",undefined
kevinAlbs,Kevin Albertson,,,,http://kevinalbs.com,"Hoboken, NJ",False,,"['InfoSeeking', 'ICT4SD']",united states
a-h,Adrian Hesketh,,,,http://adrianhesketh.com,"Leeds, UK",False,,[],united kingdom
bdbaddog,William Deegan,bill@baddogconsulting.com,"Software consultant providing build and test automation, web and mobile app development.   Buildbot BotHerder  (management board), and Co-Manager SCons Project",,http://baddogconsulting.com,127.0.0.1,False,,['buildbot'],kosovo
saracmert,Mert Sarac,,,Switch Database,https://www.switchdatabase.com/,"Istanbul, Turkey",False,,[],turkey
tupans,Go olive juice,,,Go Olive Juice,capricecares.com,San Diergo,False,,[],undefined
sindbach,Wan Bachtiar,,,,https://stackoverflow.com/users/2934579,"Sydney, Australia",False,,[],australia
derickr,Derick Rethans,github@derickrethans.nl,,,https://derickrethans.nl,"London, England",False,,['zetacomponents'],united kingdom
bdbaddog,William Deegan,bill@baddogconsulting.com,"Software consultant providing build and test automation, web and mobile app development.   Buildbot BotHerder  (management board), and Co-Manager SCons Project",,http://baddogconsulting.com,127.0.0.1,False,,['buildbot'],kosovo
asya999,Asya Kamsky,asya@kamsky.org,,@mongodb ,,"New York, NY",False,,['10gen'],united states
derickr,Derick Rethans,github@derickrethans.nl,,,https://derickrethans.nl,"London, England",False,,['zetacomponents'],united kingdom
brucehappy,Bruce Duncan,,,Rassilon LLC,,United States,False,,['ResearchKit'],united states
sam-pf,Sam PF,,,,,"CA, USA",False,,[],undefined
braz,Eoin Brazil,,,MongoDB Inc.,http://eoinbrazil.com,"Dublin, Ireland",False,,[],ireland
zoonman,Philipp,philipp@zoonman.com,"Software Engineer. I am herding elephants, luring gophers, growing plants with beans, watching smiling whales, tuning secret knobs, running currents. ",@liverecord ,https://www.zoonman.com,"US, Boston",False,,['liverecord'],united states
gormanb,Bernard Gorman,,,"MongoDB, Inc.",,"Dublin, Ireland",False,,[],ireland
wolfkdy,wolfkdy,wolfkdy1989@gmail.com,,,,Shenzhen,False,,[],china
villesau,Ville Saukkonen,,"Maintainer of @flow-typed , occasional contributor in many other JS projects.

http://fi.linkedin.com/in/villesaukkonen",@smartlyio ,https://twitter.com/SaukkonenVille,"Helsinki, Finland",False,,"['smartlyio', 'flow-typed']",finland
gormanb,Bernard Gorman,,,"MongoDB, Inc.",,"Dublin, Ireland",False,,[],ireland
tattish,Attish,,,A1,,Germany,False,,[],germany
laudrup,Kasper Laudrup,,,,http://www.stacktrace.dk,Denmark,True,gabrielrussell,[],denmark
kolisergej,Sergey,kolisergej@yandex.ru,,,,Saint-Petersburg,False,,[],united states
kolisergej,Sergey,kolisergej@yandex.ru,,,,Saint-Petersburg,False,,[],united states
kolisergej,Sergey,kolisergej@yandex.ru,,,,Saint-Petersburg,False,,[],united states
kolisergej,Sergey,kolisergej@yandex.ru,,,,Saint-Petersburg,False,,[],united states
guiguan,Guan Gui,root@guiguan.net,Engineering a smarter world,@SouthbankSoftware,http://www.guiguan.net,Melbourne,False,,['SouthbankSoftware'],australia
kolisergej,Sergey,kolisergej@yandex.ru,,,,Saint-Petersburg,False,,[],united states
ghost,Deleted user,,"Hi, I'm @ghost! I take the place of user accounts that have been deleted.
:ghost:
",,,"Nothing to see here, move along.",False,,[],kosovo
hujinnvshi,ColorSnake,hujinnvshi@163.com,Hello !,,,China,False,,[],china
nakulpathak3,Nakul Pathak,nakulpathak3008@gmail.com,"Software Engineer, Scribd.
Graduate of Software Engineering, University of Waterloo. 
Done 6 co-ops at Sigopt, Twitter, Apple, Shopify(2), and Oracle.",Scribd,http://nakulpathak.com,"Toronto, ON",False,,[],canada
jarod,Jarod Liu,liuyuanzhi@gmail.com,,https://www.xinyu100.com/,http://stackoverflow.com/users/86756/jarod,Guangzhou,False,,[],china
benjaminmurphy,Benjamin Murphy,ben@benjaminmurphy.me,"I'm a student, engineer, and aspiring lawyer based out of Providence, RI. I love coffee, photography, and solving tough problems.",,http://www.benjaminmurphy.me,"Providence, Rhode Island",False,,[],united states
amcgregor,Alice Zoë Bevan–McGregor,amcgregor@cegid.com,,CEGID,http://www.cegid.com/us/,"Montréal, Québec, Canada",False,,"['marrow', 'illico']",canada
yjhjstz,Jianghua.yjh,yjhjstz@gmail.com,@didi,DiDi,http://mysql.taobao.org,"Hangzhou, China",False,,[],china
shortdudey123,Grant Ridder,,Ops Engineer,,https://www.linkedin.com/in/grantridder,https://twitter.com/shortdudey123,False,,"['python-diamond', 'sous-chefs']",kosovo
yjhjstz,Jianghua.yjh,yjhjstz@gmail.com,@didi,DiDi,http://mysql.taobao.org,"Hangzhou, China",False,,[],china
nathantypanski,Nathan Typanski,,,,https://nathantypanski.com,USA,False,,['cnulug'],undefined
drags,Tim Sogard,,,,http://tso.gr,SF,False,,[],undefined
asya999,Asya Kamsky,asya@kamsky.org,,@mongodb ,,"New York, NY",False,,['10gen'],united states
zydcom,ZhangYoudong,zyd_com@126.com,software developer focusing on distributed storage and database,Alibaba Cloud,http://yunnotes.net,Hangzhou,False,,['taobao'],china
ebroder,Evan Broder,evan@ebroder.net,,,http://ebroder.net,"San Francisco, CA",False,,['deathandmayhem'],united states
benjaminmurphy,Benjamin Murphy,ben@benjaminmurphy.me,"I'm a student, engineer, and aspiring lawyer based out of Providence, RI. I love coffee, photography, and solving tough problems.",,http://www.benjaminmurphy.me,"Providence, Rhode Island",False,,[],united states
kevinAlbs,Kevin Albertson,,,,http://kevinalbs.com,"Hoboken, NJ",False,,"['InfoSeeking', 'ICT4SD']",united states
benmccann,Ben McCann,,"Tech entrepreneur and open source contributor to Tablesaw, Chart.js, and Play Framework projects",,http://www.benmccann.com,California,False,,[],united states
avindra,Avindra Goolcharan,,"Creative programmer. I enjoy linux, free software, the Internet and physics. Currently employed in infrastructure engineering.",,https://avindra.github.io/,Earth,False,,['Pivotal-Field-Engineering'],undefined
joannac-,,,,,,Australia,False,,[],australia
lstwzd,leo,,,,,chengdu,False,,[],china
benjaminmurphy,Benjamin Murphy,ben@benjaminmurphy.me,"I'm a student, engineer, and aspiring lawyer based out of Providence, RI. I love coffee, photography, and solving tough problems.",,http://www.benjaminmurphy.me,"Providence, Rhode Island",False,,[],united states
mwhudson,Michael Hudson-Doyle,micahel@gmail.com,I do Go and Ubuntu related things for Canonical.,@CanonicalLtd,,"Wellington, NZ",False,,['jenkinsci'],new zealand
todvora,Tomas Dvorak,todvora@gmail.com,"Software Developer (Java, Node.js, MongoDB, security), who loves travelling and sports (skiing, running, climbing). Also vegan and passionate reader.",,https://www.tomas-dvorak.cz,"Salzburg, Austria",False,,['stolencars'],austria
zydcom,ZhangYoudong,zyd_com@126.com,software developer focusing on distributed storage and database,Alibaba Cloud,http://yunnotes.net,Hangzhou,False,,['taobao'],china
zydcom,ZhangYoudong,zyd_com@126.com,software developer focusing on distributed storage and database,Alibaba Cloud,http://yunnotes.net,Hangzhou,False,,['taobao'],china
zydcom,ZhangYoudong,zyd_com@126.com,software developer focusing on distributed storage and database,Alibaba Cloud,http://yunnotes.net,Hangzhou,False,,['taobao'],china
jigfox,Jens Fahnenbruck,jigfox@me.com,,@inovex ,,"Germany, Meerbusch",False,,['inovex'],germany
TBoonX,Kurt Junghanns,,,Institut für Angewandte Informatik e. V.,http://aksw.org/KurtJunghanns.html,Deutschland,False,,['slidewiki'],germany
megawac,Graeme Yeates,yeatesgraeme@gmail.com,✌๏.๏✌ ,Clearpath Robotics,,"Waterloo, Ontario",False,,"['documentcloud', 'marionettejs', 'jsdelivr', 'fivehourshower']",canada
gef756,Gabe Fernando,,,,,"New York, NY, USA",False,,[],united states
benjaminmurphy,Benjamin Murphy,ben@benjaminmurphy.me,"I'm a student, engineer, and aspiring lawyer based out of Providence, RI. I love coffee, photography, and solving tough problems.",,http://www.benjaminmurphy.me,"Providence, Rhode Island",False,,[],united states
soullivaneuh,Sullivan SENECHAL,,,Nexylan,https://keybase.io/soullivaneuh,"Lille, France",False,,"['sonata-project', 'nexylan', 'news-connect', 'dockervan']",france
soullivaneuh,Sullivan SENECHAL,,,Nexylan,https://keybase.io/soullivaneuh,"Lille, France",False,,"['sonata-project', 'nexylan', 'news-connect', 'dockervan']",france
soullivaneuh,Sullivan SENECHAL,,,Nexylan,https://keybase.io/soullivaneuh,"Lille, France",False,,"['sonata-project', 'nexylan', 'news-connect', 'dockervan']",france
vkuznet,Valentin Kuznetsov,,,Cornell University,,"Ithaca, NY",False,,[],united states
vkuznet,Valentin Kuznetsov,,,Cornell University,,"Ithaca, NY",False,,[],united states
brauliobo,Bráulio Bhavamitra,brauliobo@gmail.com,,@olery ,http://cirandas.net/brauliobo,"Bahia, Brazil",False,,"['olery', 'opener-project']",brazil
buhiirekeneth,Buhiire Keneth,kbuhiire@outlook.com,,CloudBoost,,Kampala,False,,[],uganda
kumasento,Ruizhe Zhao,,"BSc Peking University (2012);
MRes (2016) and PhD student (2017)  Imperial College London;
FPGA, Deep Learning, Programming Languages",Imperial College London,,London,False,,"['custom-computing-ic', 'corerain']",united kingdom
ksuarz,Kyle Suarez,,,Two Sigma,,New Jersey / New York,False,,['oss'],united states
ssxenon01,Gundsambuu,ssxenon01@gmail.com,,shoppy,https://shoppy.mn,Mongolia,False,,[],mongolia
salessandri,Santiago Alessandri,san.lt.ss@gmail.com,,ThousandEyes Inc.,https://blog.san-ss.com.ar,San Francisco,False,,[],united states
ksuarz,Kyle Suarez,,,Two Sigma,,New Jersey / New York,False,,['oss'],united states
ksuarz,Kyle Suarez,,,Two Sigma,,New Jersey / New York,False,,['oss'],united states
anuphalarnkar,Anup Halarnkar,,,,,"Goa, India",False,,[],india
ksuarz,Kyle Suarez,,,Two Sigma,,New Jersey / New York,True,dalyd,['oss'],united states
thecalvinchan,Calvin Chan,,currently @airswap. previously @skillshare/@mongodb. alumni @ucla/@hackny/@joininteract,@airswap ,http://thecalvinchan.com,"New York, NY",False,,[],united states
thecalvinchan,Calvin Chan,,currently @airswap. previously @skillshare/@mongodb. alumni @ucla/@hackny/@joininteract,@airswap ,http://thecalvinchan.com,"New York, NY",False,,[],united states
thecalvinchan,Calvin Chan,,currently @airswap. previously @skillshare/@mongodb. alumni @ucla/@hackny/@joininteract,@airswap ,http://thecalvinchan.com,"New York, NY",False,,[],united states
christkv,Christian Amor Kvalheim,,,10Gen.com,http://www.christiankvalheim.com,"Barcelona, Spain",False,,[],spain
j-delaney,J Delaney,j.delaney.sd@gmail.com,,@stripe ,https://twitter.com/CtrlShiftJ,"San Francisco, CA",False,,[],united states
j-delaney,J Delaney,j.delaney.sd@gmail.com,,@stripe ,https://twitter.com/CtrlShiftJ,"San Francisco, CA",False,,[],united states
j-delaney,J Delaney,j.delaney.sd@gmail.com,,@stripe ,https://twitter.com/CtrlShiftJ,"San Francisco, CA",False,,[],united states
j-delaney,J Delaney,j.delaney.sd@gmail.com,,@stripe ,https://twitter.com/CtrlShiftJ,"San Francisco, CA",False,,[],united states
j-delaney,J Delaney,j.delaney.sd@gmail.com,,@stripe ,https://twitter.com/CtrlShiftJ,"San Francisco, CA",False,,[],united states
adamchel,Adam Chelminski,,Software Engineer at MongoDB/Realm,@mongodb ,,"Copenhagen, Denmark",False,,[],denmark
j-delaney,J Delaney,j.delaney.sd@gmail.com,,@stripe ,https://twitter.com/CtrlShiftJ,"San Francisco, CA",False,,[],united states
dutchakdev,Roman Dutchak,,R&D at @newageio ,@newageio ,https://blog.dutchak.io/,Kyiv,False,,"['Delta3system', 'aggregable', 'fastfred', 'newageio', 'dash0x']",undefined
j-delaney,J Delaney,j.delaney.sd@gmail.com,,@stripe ,https://twitter.com/CtrlShiftJ,"San Francisco, CA",False,,[],united states
blowhacker,navin,n@vain.in,,,n.vain.in,london,False,,[],united kingdom
devkev,Kevin Pulo,,,,http://www.kev.pulo.com.au/,"Sydney, Australia",False,,[],australia
lissom,Charlie Page,,,,,New York City,False,,[],united states
upendrag,Upendra Govindagowda,upendrag.gowda@gmail.com,,,,"Dallas, TX, United States",False,,[],united states
j-delaney,J Delaney,j.delaney.sd@gmail.com,,@stripe ,https://twitter.com/CtrlShiftJ,"San Francisco, CA",False,,[],united states
kangic,Kang In Cheol,kangic21@gmail.com,,NAVER,,"Bundang, South Korea",False,,[],undefined
bwzhang,Brandon Zhang,bwzhang@gmail.com,,@asana,bwzhang.github.io,"San Francisco, CA",False,,[],united states
coollog,Q Chen,qingyang.chen@gmail.com,Java on Kubernetes developer experience. Created Jib. Now working on self-driving cars.,,http://coollog.me,"Mountain View, CA",False,,['yalebulldogbots'],united states
coollog,Q Chen,qingyang.chen@gmail.com,Java on Kubernetes developer experience. Created Jib. Now working on self-driving cars.,,http://coollog.me,"Mountain View, CA",False,,['yalebulldogbots'],united states
upendrag,Upendra Govindagowda,upendrag.gowda@gmail.com,,,,"Dallas, TX, United States",False,,[],united states
coollog,Q Chen,qingyang.chen@gmail.com,Java on Kubernetes developer experience. Created Jib. Now working on self-driving cars.,,http://coollog.me,"Mountain View, CA",False,,['yalebulldogbots'],united states
coollog,Q Chen,qingyang.chen@gmail.com,Java on Kubernetes developer experience. Created Jib. Now working on self-driving cars.,,http://coollog.me,"Mountain View, CA",False,,['yalebulldogbots'],united states
coollog,Q Chen,qingyang.chen@gmail.com,Java on Kubernetes developer experience. Created Jib. Now working on self-driving cars.,,http://coollog.me,"Mountain View, CA",False,,['yalebulldogbots'],united states
kevinAlbs,Kevin Albertson,,,,http://kevinalbs.com,"Hoboken, NJ",False,,"['InfoSeeking', 'ICT4SD']",united states
coollog,Q Chen,qingyang.chen@gmail.com,Java on Kubernetes developer experience. Created Jib. Now working on self-driving cars.,,http://coollog.me,"Mountain View, CA",False,,['yalebulldogbots'],united states
kevinAlbs,Kevin Albertson,,,,http://kevinalbs.com,"Hoboken, NJ",False,,"['InfoSeeking', 'ICT4SD']",united states
coollog,Q Chen,qingyang.chen@gmail.com,Java on Kubernetes developer experience. Created Jib. Now working on self-driving cars.,,http://coollog.me,"Mountain View, CA",False,,['yalebulldogbots'],united states
kevinAlbs,Kevin Albertson,,,,http://kevinalbs.com,"Hoboken, NJ",False,,"['InfoSeeking', 'ICT4SD']",united states
coollog,Q Chen,qingyang.chen@gmail.com,Java on Kubernetes developer experience. Created Jib. Now working on self-driving cars.,,http://coollog.me,"Mountain View, CA",False,,['yalebulldogbots'],united states
coollog,Q Chen,qingyang.chen@gmail.com,Java on Kubernetes developer experience. Created Jib. Now working on self-driving cars.,,http://coollog.me,"Mountain View, CA",False,,['yalebulldogbots'],united states
coollog,Q Chen,qingyang.chen@gmail.com,Java on Kubernetes developer experience. Created Jib. Now working on self-driving cars.,,http://coollog.me,"Mountain View, CA",False,,['yalebulldogbots'],united states
amidvidy,Adam Midvidy,amidvidy@gmail.com,,,,NYC,False,,[],united states
devkev,Kevin Pulo,,,,http://www.kev.pulo.com.au/,"Sydney, Australia",False,,[],australia
devkev,Kevin Pulo,,,,http://www.kev.pulo.com.au/,"Sydney, Australia",False,,[],australia
devkev,Kevin Pulo,,,,http://www.kev.pulo.com.au/,"Sydney, Australia",False,,[],australia
gianpaj,Gianfrancø Palumbo,hi@gian.xyz,"Software developer and co-founder of Onova – Mobile marketplace of Ukrainian brands.
Download it on your iPhone or Android today.

Living in Ukraine 🇺🇦",Onova,https://onova.co,"Lviv, Ukraine",False,,[],ukraine
netflash,Alex Romanov,alex@strataconsulting.com,,Strata Consulting,https://www.strataconsulting.com/,"Syndey, NSW, Australia",False,,"['milt-cookbooks', 'milcom', 'peartherapeutics', 'strataconsulting']",australia
cesarizu,César Izurieta,cesar@caih.org,,CAIH,http://caih.org,"Quito, Ecuador",False,,[],ecuador
dannyfallon,Danny Fallon,,"Building product @intercom in London, formerly Dublin. ",Intercom,,"London, United Kingdom",False,,['intercom'],united kingdom
ParadoxMeltdown,Jan,jan.gabriel.ona@gmail.com,,,,"Toronto, Canada",False,,[],canada
adkomyagin,Alex Komyagin,,,10gen,,NYC,False,,[],united states
ghost,Deleted user,,"Hi, I'm @ghost! I take the place of user accounts that have been deleted.
:ghost:
",,,"Nothing to see here, move along.",False,,[],kosovo
adkomyagin,Alex Komyagin,,,10gen,,NYC,False,,[],united states
dandv,Dan Dascalescu,ddascalescu+github@gmail.com,"Building @cryptoclimate. Ex-@google, Yahoo!, @blueseed. Founded the Quantified Self Forum and 3 web startups.","Ex-Google, Blueseed, Yahoo!",https://dandascalescu.com/,Digital nomad,False,,"['component', 'oortcloud', 'mojomojo', 'meteorhacks', 'ephemerisle', 'Wylio', 'MeteorCommunity', 'typhonjs-node-tjsdoc']",undefined
ghost,Deleted user,,"Hi, I'm @ghost! I take the place of user accounts that have been deleted.
:ghost:
",,,"Nothing to see here, move along.",False,,[],kosovo
ghost,Deleted user,,"Hi, I'm @ghost! I take the place of user accounts that have been deleted.
:ghost:
",,,"Nothing to see here, move along.",False,,[],kosovo
gevorgvoskanyan,Gevorg Voskanyan,,,,http://www.linkedin.com/in/gevorgvoskanyan/,Armenia,False,,[],armenia
ghost,Deleted user,,"Hi, I'm @ghost! I take the place of user accounts that have been deleted.
:ghost:
",,,"Nothing to see here, move along.",False,,[],kosovo
jameswahlin,James Wahlin,,,MongoDB Inc,,New York,False,,[],united states
jameswahlin,James Wahlin,,,MongoDB Inc,,New York,False,,[],united states
jameswahlin,James Wahlin,,,MongoDB Inc,,New York,False,,[],united states
randomite,Ravin Sardal,ravin.sardal@gmail.com,Fullstack Developer. Bring it on.,,http://www.ravinsardal.me,United States,False,,['code-for-india'],united states
ghost,Deleted user,,"Hi, I'm @ghost! I take the place of user accounts that have been deleted.
:ghost:
",,,"Nothing to see here, move along.",False,,[],kosovo
sanran4u,Sanjeev Ranjan,sanjeev.ranjan@outlook.com,I am a Database Solution Engineer working all the way from hardware to the software layer,Dell R&D,,India,False,,[],india
jameswahlin,James Wahlin,,,MongoDB Inc,,New York,False,,[],united states
fdoray,François Doray,,,,,Canada,False,,[],canada
krishnanm86,Krishna Narasimhan,krishna.nm86@gmail.com,"IT Consultant at Itemis AG working on language engineering, Researcher Scholar and PhD graduate from Frankfurt University.",Itemis AG,http://dblp.uni-trier.de/pers/hd/n/Narasimhan:Krishna,Stuttgart,False,,[],germany
krishnanm86,Krishna Narasimhan,krishna.nm86@gmail.com,"IT Consultant at Itemis AG working on language engineering, Researcher Scholar and PhD graduate from Frankfurt University.",Itemis AG,http://dblp.uni-trier.de/pers/hd/n/Narasimhan:Krishna,Stuttgart,False,,[],germany
rueckstiess,Thomas Rückstieß,,,MongoDB @mongodb-js ,,"Sydney, Australia",False,,['mongodb-js'],australia
jameswahlin,James Wahlin,,,MongoDB Inc,,New York,False,,[],united states
tgrall,Tugdual Grall,,,Red Hat,http://tgrall.github.io/,"Nantes, France",False,,['NantesJUG'],france
alabid,Daniel Alabi,,,,http://alabidan.me,"Cambridge, MA",False,,"['wigginslab', 'alumNY', 'CarletonDevX', 'CarlTour']",new zealand
HuJingwei,echo,a479540195@gmail.com,,@ATNIO ,,shanghai,False,,[],china
jrbalsano,Jonathan Balsano,jrbalsano@gmail.com,,,jrbalsano.com,"New York, NY",False,,['Columbia-OpenAcademy'],united states
alabid,Daniel Alabi,,,,http://alabidan.me,"Cambridge, MA",False,,"['wigginslab', 'alumNY', 'CarletonDevX', 'CarlTour']",new zealand
gevorgvoskanyan,Gevorg Voskanyan,,,,http://www.linkedin.com/in/gevorgvoskanyan/,Armenia,False,,[],armenia
jrbalsano,Jonathan Balsano,jrbalsano@gmail.com,,,jrbalsano.com,"New York, NY",False,,['Columbia-OpenAcademy'],united states
alabid,Daniel Alabi,,,,http://alabidan.me,"Cambridge, MA",False,,"['wigginslab', 'alumNY', 'CarletonDevX', 'CarlTour']",new zealand
jrbalsano,Jonathan Balsano,jrbalsano@gmail.com,,,jrbalsano.com,"New York, NY",False,,['Columbia-OpenAcademy'],united states
alabid,Daniel Alabi,,,,http://alabidan.me,"Cambridge, MA",False,,"['wigginslab', 'alumNY', 'CarletonDevX', 'CarlTour']",new zealand
alabid,Daniel Alabi,,,,http://alabidan.me,"Cambridge, MA",False,,"['wigginslab', 'alumNY', 'CarletonDevX', 'CarlTour']",new zealand
alabid,Daniel Alabi,,,,http://alabidan.me,"Cambridge, MA",False,,"['wigginslab', 'alumNY', 'CarletonDevX', 'CarlTour']",new zealand
alabid,Daniel Alabi,,,,http://alabidan.me,"Cambridge, MA",False,,"['wigginslab', 'alumNY', 'CarletonDevX', 'CarlTour']",new zealand
jrbalsano,Jonathan Balsano,jrbalsano@gmail.com,,,jrbalsano.com,"New York, NY",False,,['Columbia-OpenAcademy'],united states
pracj3am,Jan Prachař,,,,http://www.prachar.eu,Praha,False,,"['testomato', 'wikidi']",undefined
alabid,Daniel Alabi,,,,http://alabidan.me,"Cambridge, MA",False,,"['wigginslab', 'alumNY', 'CarletonDevX', 'CarlTour']",new zealand
alabid,Daniel Alabi,,,,http://alabidan.me,"Cambridge, MA",False,,"['wigginslab', 'alumNY', 'CarletonDevX', 'CarlTour']",new zealand
akira-kurogane,Akira Kurogane,,,,,Tokyo,False,,[],japan
akira-kurogane,Akira Kurogane,,,,,Tokyo,False,,[],japan
jtyr,Jiri Tyr,,Linux System Automation Engineer,,https://jtyr.io,"London, UK",False,,[],united kingdom
alabid,Daniel Alabi,,,,http://alabidan.me,"Cambridge, MA",False,,"['wigginslab', 'alumNY', 'CarletonDevX', 'CarlTour']",new zealand
yanguango,Guang Yang,,,,,Seattle,False,,[],united states
amidvidy,Adam Midvidy,amidvidy@gmail.com,,,,NYC,False,,[],united states
changyy,Yuan-Yi Chang,,,,http://blog.changyy.org,Taipei,False,,[],taiwan
changyy,Yuan-Yi Chang,,,,http://blog.changyy.org,Taipei,False,,[],taiwan
3rf,Kyle Erf,contact@kyleerf.com,Video game developer in NYC. Ex-Google. Ex-MongoDB. Former Golang expert. I have no idea why 600 people follow me on here.,Moving Pieces,www.kyleerf.com,New York City,False,,[],united states
amidvidy,Adam Midvidy,amidvidy@gmail.com,,,,NYC,False,,[],united states
alabid,Daniel Alabi,,,,http://alabidan.me,"Cambridge, MA",False,,"['wigginslab', 'alumNY', 'CarletonDevX', 'CarlTour']",new zealand
asya999,Asya Kamsky,asya@kamsky.org,,@mongodb ,,"New York, NY",False,,['10gen'],united states
amidvidy,Adam Midvidy,amidvidy@gmail.com,,,,NYC,False,,[],united states
amidvidy,Adam Midvidy,amidvidy@gmail.com,,,,NYC,False,,[],united states
amidvidy,Adam Midvidy,amidvidy@gmail.com,,,,NYC,False,,[],united states
amidvidy,Adam Midvidy,amidvidy@gmail.com,,,,NYC,False,,[],united states
amidvidy,Adam Midvidy,amidvidy@gmail.com,,,,NYC,False,,[],united states
amidvidy,Adam Midvidy,amidvidy@gmail.com,,,,NYC,False,,[],united states
llvtt,Luke Lovett,,,RaiseMe,,"San Francisco, CA",False,,[],united states
esmet,John Esmet,,,@AppNexus,,New York,False,,[],united states
kangas,Matt Kangas,,"Builder of software and teams. Father, husband, maker. Occasional woodworker, motorcyclist, homebrewer.",@MacmillanPlatform ,https://twitter.com/mattkangas,"Hastings on Hudson, NY",False,,['MacmillanPlatform'],united states
esmet,John Esmet,,,@AppNexus,,New York,False,,[],united states
stephenwlin,Stephen W Lin,,,,,"New York, NY",False,,[],united states
caosiyang,caosiyang,,,,caosiyang.github.io,Beijing,False,,[],china
igorcanadi,Igor Canadi,igor.canadi@gmail.com,,Rockset,,San Francisco,False,,['rockset'],united states
esmet,John Esmet,,,@AppNexus,,New York,False,,[],united states
esmet,John Esmet,,,@AppNexus,,New York,False,,[],united states
esmet,John Esmet,,,@AppNexus,,New York,False,,[],united states
jeorfevre,Jean-Emmanuel Orfevre,,Digital Factory Director,Galeries Lafayette,https://www.groupegalerieslafayette.fr/,Paris ,False,,[],france
esmet,John Esmet,,,@AppNexus,,New York,False,,[],united states
esmet,John Esmet,,,@AppNexus,,New York,False,,[],united states
esmet,John Esmet,,,@AppNexus,,New York,False,,[],united states
3rf,Kyle Erf,contact@kyleerf.com,Video game developer in NYC. Ex-Google. Ex-MongoDB. Former Golang expert. I have no idea why 600 people follow me on here.,Moving Pieces,www.kyleerf.com,New York City,False,,[],united states
alvinr,Alvin Richards,alvin.richards@mac.com,Who know? Like to fiddle around in open source...,RedisLabs Inc.,,California,False,,[],united states
alvinr,Alvin Richards,alvin.richards@mac.com,Who know? Like to fiddle around in open source...,RedisLabs Inc.,,California,False,,[],united states
erlichson,Andrew Erlichson,,,10gen,http://www.10gen.com,NYC,False,,[],united states
justincase,Justin Case,,"Where is, repeat, where is Task Force Thirty Four? The world wonders.",Digidentity,https://twitter.com/#!/justincase,"Netherlands, The",False,,[],netherlands
deafgoat,Wisdom Omuya,deafgoat@gmail.com,,,,New York,False,,[],united states
Michael-karn-ivanov,Michael Ivanov,,,Skype,,Tallinn,False,,[],estonia
mwhudson,Michael Hudson-Doyle,micahel@gmail.com,I do Go and Ubuntu related things for Canonical.,@CanonicalLtd,,"Wellington, NZ",False,,['jenkinsci'],new zealand
amidvidy,Adam Midvidy,amidvidy@gmail.com,,,,NYC,False,,[],united states
amidvidy,Adam Midvidy,amidvidy@gmail.com,,,,NYC,False,,[],united states
amidvidy,Adam Midvidy,amidvidy@gmail.com,,,,NYC,False,,[],united states
jfigueroagama,Josue Fidel Figueroa Gama,jfigueroagama@redesvozdatos.com,,,,Mexico City,False,,[],mexico
jfigueroagama,Josue Fidel Figueroa Gama,jfigueroagama@redesvozdatos.com,,,,Mexico City,False,,[],mexico
alvinr,Alvin Richards,alvin.richards@mac.com,Who know? Like to fiddle around in open source...,RedisLabs Inc.,,California,False,,[],united states
amidvidy,Adam Midvidy,amidvidy@gmail.com,,,,NYC,False,,[],united states
Michael-karn-ivanov,Michael Ivanov,,,Skype,,Tallinn,False,,[],estonia
Michael-karn-ivanov,Michael Ivanov,,,Skype,,Tallinn,False,,[],estonia
vkarpov15,Valeri Karpov,val@karpov.io,"Web developer, blogger, author",Booster Fuels,http://www.thecodebarbarian.com,"Miami Beach, FL",False,,"['karma-runner', 'mochajs', 'mongodb-js', 'boosterfuels']",united states
igorcanadi,Igor Canadi,igor.canadi@gmail.com,,Rockset,,San Francisco,False,,['rockset'],united states
Michael-karn-ivanov,Michael Ivanov,,,Skype,,Tallinn,False,,[],estonia
agorrod,Alex Gorrod,,,WiredTiger,,"Sydney, Australia",False,,['wiredtiger'],australia
ghost,Deleted user,,"Hi, I'm @ghost! I take the place of user accounts that have been deleted.
:ghost:
",,,"Nothing to see here, move along.",False,,[],kosovo
Bloodevil,yeaji shin,,Make something to Delete anything.,nWay,http://www.bloodevil.com,korea,False,,['PyLadiesSeoul'],undefined
tonygambone,Tony Gambone,tonygambone@gmail.com,"Formerly of Richmond, VA",Thycotic,,Somewhere in Colorado,False,,[],undefined
amidvidy,Adam Midvidy,amidvidy@gmail.com,,,,NYC,False,,[],united states
enanox,Mathias Rodriguez,,,,,"Montevideo, Uruguay",False,,[],uruguay
amidvidy,Adam Midvidy,amidvidy@gmail.com,,,,NYC,False,,[],united states
amidvidy,Adam Midvidy,amidvidy@gmail.com,,,,NYC,False,,[],united states
szaydel,Sam Zaydel,szaydel@gmail.com,,RackTop Systems,http://racktopsystems.com,Moss Beach,False,,['racktopsystems'],undefined
ghost,Deleted user,,"Hi, I'm @ghost! I take the place of user accounts that have been deleted.
:ghost:
",,,"Nothing to see here, move along.",False,,[],kosovo
Mickael-van-der-Beek,Mickael van der Beek,,,Woorank,,"Brussels, Belgium",False,,['TeamLux'],belgium
amidvidy,Adam Midvidy,amidvidy@gmail.com,,,,NYC,False,,[],united states
amidvidy,Adam Midvidy,amidvidy@gmail.com,,,,NYC,False,,[],united states
tsantero,Tom Santero,,,,https://tsantero.com,"Bayonne, NJ",False,,"['papers-we-love', 'formalmethodsnyc']",united states
mikemaccana,Mike MacCana,mike.maccana@gmail.com,"20 years of DevOps, back end, and front end. Now verifying companies for EV SSL/TLS at https://certsimple.com",CertSimple,,London,False,,[],united kingdom
ghost,Deleted user,,"Hi, I'm @ghost! I take the place of user accounts that have been deleted.
:ghost:
",,,"Nothing to see here, move along.",False,,[],kosovo
amidvidy,Adam Midvidy,amidvidy@gmail.com,,,,NYC,False,,[],united states
AntonioJuliano,Antonio Juliano,antonio.m.juliano@gmail.com,Founder of dYdX,dYdX,dydx.exchange,"San Francisco, CA",False,,['dydxprotocol'],united states
jimoleary,Jim O'Leary,,,MongoDB Inc.,,Dublin,False,,[],ireland
mwmahlberg,Markus Mahlberg,,,,,"Cologne, Germany",False,,[],germany
amidvidy,Adam Midvidy,amidvidy@gmail.com,,,,NYC,False,,[],united states
ghost,Deleted user,,"Hi, I'm @ghost! I take the place of user accounts that have been deleted.
:ghost:
",,,"Nothing to see here, move along.",False,,[],kosovo
Bloodevil,yeaji shin,,Make something to Delete anything.,nWay,http://www.bloodevil.com,korea,False,,['PyLadiesSeoul'],undefined
justincase,Justin Case,,"Where is, repeat, where is Task Force Thirty Four? The world wonders.",Digidentity,https://twitter.com/#!/justincase,"Netherlands, The",False,,[],netherlands
nitinbhatt,Nitin Bhatt,bhatt_nitin@hotmail.com,,RSA,,"San Ramon, CA",False,,[],peru
kgorman,Kenny Gorman,kgorman@eventador.io,"Data nerd, Founder and CEO at Eventador.io.",Eventador Labs,http://www.eventador.io,"Austin, TX",False,,[],united states
rueckstiess,Thomas Rückstieß,,,MongoDB @mongodb-js ,,"Sydney, Australia",False,,['mongodb-js'],australia
depressed-pho,PHO,pho@cielonegro.org,,,http://cielonegro.org/,"Kanagawa, Japan",False,,[],japan
mwhittaker,Michael Whittaker,,UC Berkeley grad student pursuing a PhD in distributed systems and databases.,,http://mwhittaker.github.io,"Berkeley, CA",False,,[],united states
henryzhangsta,Henry Zhang,me@henry.gg,,@Yelp ,,San Francisco Bay Area,False,,[],undefined
itay,Itay Neeman,itay@neeman.net,,,pretzelwisdom.com,"Seattle, WA",False,,[],ghana
dbmurphy,David Murphy,,,@percona ,,"Dublin,IE",False,,[],ireland
ultrabug,Ultrabug,,,@Numberly,https://www.ultrabug.fr,"Paris, France",False,,['numberly'],france
jameswahlin,James Wahlin,,,MongoDB Inc,,New York,False,,[],united states
mwhudson,Michael Hudson-Doyle,micahel@gmail.com,I do Go and Ubuntu related things for Canonical.,@CanonicalLtd,,"Wellington, NZ",False,,['jenkinsci'],new zealand
vkarpov15,Valeri Karpov,val@karpov.io,"Web developer, blogger, author",Booster Fuels,http://www.thecodebarbarian.com,"Miami Beach, FL",False,,"['karma-runner', 'mochajs', 'mongodb-js', 'boosterfuels']",united states
kedazo,David Kedves,david.kedves@borgcollective.eu,C++ software developer at @severalnines,Freelancer,,"Hungary, Pécs",False,,['severalnines'],hungary
wilkinson,Sean Wilkinson,,,Oak Ridge National Laboratory,http://seanwilkinson.info,"Knoxville, Tennessee",False,,"['imagejs', 's3db', 'kinome', 'ibl', 'qmachine']",united states
santoshbanda,santosh banda,,,Facebook,,Menlo Park,False,,[],united states
ghost,Deleted user,,"Hi, I'm @ghost! I take the place of user accounts that have been deleted.
:ghost:
",,,"Nothing to see here, move along.",False,,[],kosovo
santoshbanda,santosh banda,,,Facebook,,Menlo Park,False,,[],united states
santoshbanda,santosh banda,,,Facebook,,Menlo Park,False,,[],united states
ghost,Deleted user,,"Hi, I'm @ghost! I take the place of user accounts that have been deleted.
:ghost:
",,,"Nothing to see here, move along.",False,,[],kosovo
ghost,Deleted user,,"Hi, I'm @ghost! I take the place of user accounts that have been deleted.
:ghost:
",,,"Nothing to see here, move along.",False,,[],kosovo
qconner,Quentin Conner,,,,,"Austin, TX",False,,[],united states
deafgoat,Wisdom Omuya,deafgoat@gmail.com,,,,New York,False,,[],united states
deafgoat,Wisdom Omuya,deafgoat@gmail.com,,,,New York,False,,[],united states
wilkinson,Sean Wilkinson,,,Oak Ridge National Laboratory,http://seanwilkinson.info,"Knoxville, Tennessee",False,,"['imagejs', 's3db', 'kinome', 'ibl', 'qmachine']",united states
lissom,Charlie Page,,,,,New York City,False,,[],united states
gianpaj,Gianfrancø Palumbo,hi@gian.xyz,"Software developer and co-founder of Onova – Mobile marketplace of Ukrainian brands.
Download it on your iPhone or Android today.

Living in Ukraine 🇺🇦",Onova,https://onova.co,"Lviv, Ukraine",False,,[],ukraine
asya999,Asya Kamsky,asya@kamsky.org,,@mongodb ,,"New York, NY",False,,['10gen'],united states
jamesblackburn,James Blackburn,jamesblackburn@gmail.com,,Man Group,http://jbblackburn.com,"London, UK",False,,[],united kingdom
TylerBrock,Tyler Brock,tyler.brock@gmail.com,CTO at @Hustle,"Hustle, Inc.",https://tylerbrock.com,"San Francisco, CA",False,,['Hustle'],united states
vkarpov15,Valeri Karpov,val@karpov.io,"Web developer, blogger, author",Booster Fuels,http://www.thecodebarbarian.com,"Miami Beach, FL",False,,"['karma-runner', 'mochajs', 'mongodb-js', 'boosterfuels']",united states
ccstolley,Colin Stolley,,,,,"Chicago, IL USA",False,,[],united states
arthurdarcet,Arthur Darcet,arthur+github@darcet.fr,,Glose,,France,False,,"['BinetReseau', 'Glose']",france
asya999,Asya Kamsky,asya@kamsky.org,,@mongodb ,,"New York, NY",False,,['10gen'],united states
exi,Reno Reckling,,,,,München,False,,[],undefined
jameswahlin,James Wahlin,,,MongoDB Inc,,New York,False,,[],united states
jsbattig,Jose Sebastian Battig,jsbattig@gmail.com,,Ascentis,https://www.linkedin.com/in/sebabattig,"Montevideo, Uruguay",False,,[],uruguay
lissom,Charlie Page,,,,,New York City,False,,[],united states
jsbattig,Jose Sebastian Battig,jsbattig@gmail.com,,Ascentis,https://www.linkedin.com/in/sebabattig,"Montevideo, Uruguay",False,,[],uruguay
GitSullied,GuyHoozdis,,,"Phoenix Artistry, LLC.",http://about.me/GuyHoozdis,"Austin, TX",False,,[],united states
3rf,Kyle Erf,contact@kyleerf.com,Video game developer in NYC. Ex-Google. Ex-MongoDB. Former Golang expert. I have no idea why 600 people follow me on here.,Moving Pieces,www.kyleerf.com,New York City,False,,[],united states
jsbattig,Jose Sebastian Battig,jsbattig@gmail.com,,Ascentis,https://www.linkedin.com/in/sebabattig,"Montevideo, Uruguay",False,,[],uruguay
jsbattig,Jose Sebastian Battig,jsbattig@gmail.com,,Ascentis,https://www.linkedin.com/in/sebabattig,"Montevideo, Uruguay",False,,[],uruguay
ghost,Deleted user,,"Hi, I'm @ghost! I take the place of user accounts that have been deleted.
:ghost:
",,,"Nothing to see here, move along.",False,,[],kosovo
zhihuiFan,樊智辉,,,,,"Shanghai, China ",False,,[],china
lufeng1102,lufeng,amuseme.lu@gmail.com,"Don't Grow Old, Grow Up.",aispeech,,"suzhou,jiangsu,china",False,,[],china
mwhudson,Michael Hudson-Doyle,micahel@gmail.com,I do Go and Ubuntu related things for Canonical.,@CanonicalLtd,,"Wellington, NZ",False,,['jenkinsci'],new zealand
mwhudson,Michael Hudson-Doyle,micahel@gmail.com,I do Go and Ubuntu related things for Canonical.,@CanonicalLtd,,"Wellington, NZ",False,,['jenkinsci'],new zealand
mwhudson,Michael Hudson-Doyle,micahel@gmail.com,I do Go and Ubuntu related things for Canonical.,@CanonicalLtd,,"Wellington, NZ",False,,['jenkinsci'],new zealand
ghost,Deleted user,,"Hi, I'm @ghost! I take the place of user accounts that have been deleted.
:ghost:
",,,"Nothing to see here, move along.",False,,[],kosovo
akira-kurogane,Akira Kurogane,,,,,Tokyo,False,,[],japan
christkv,Christian Amor Kvalheim,,,10Gen.com,http://www.christiankvalheim.com,"Barcelona, Spain",False,,[],spain
lissom,Charlie Page,,,,,New York City,False,,[],united states
akira-kurogane,Akira Kurogane,,,,,Tokyo,False,,[],japan
vkarpov15,Valeri Karpov,val@karpov.io,"Web developer, blogger, author",Booster Fuels,http://www.thecodebarbarian.com,"Miami Beach, FL",False,,"['karma-runner', 'mochajs', 'mongodb-js', 'boosterfuels']",united states
mwhudson,Michael Hudson-Doyle,micahel@gmail.com,I do Go and Ubuntu related things for Canonical.,@CanonicalLtd,,"Wellington, NZ",False,,['jenkinsci'],new zealand
rps,Rich Parrish,richparrishx@gmail.com,,,http://www.richparrish.com/,"San Francisco, CA",False,,[],united states
kgorman,Kenny Gorman,kgorman@eventador.io,"Data nerd, Founder and CEO at Eventador.io.",Eventador Labs,http://www.eventador.io,"Austin, TX",False,,[],united states
hawka,Amalia Hawkins,,,,,"New York, New York",False,,['PennAppsTeam'],united states
hawka,Amalia Hawkins,,,,,"New York, New York",False,,['PennAppsTeam'],united states
hawka,Amalia Hawkins,,,,,"New York, New York",False,,['PennAppsTeam'],united states
hawka,Amalia Hawkins,,,,,"New York, New York",False,,['PennAppsTeam'],united states
hawka,Amalia Hawkins,,,,,"New York, New York",False,,['PennAppsTeam'],united states
rps,Rich Parrish,richparrishx@gmail.com,,,http://www.richparrish.com/,"San Francisco, CA",False,,[],united states
3rf,Kyle Erf,contact@kyleerf.com,Video game developer in NYC. Ex-Google. Ex-MongoDB. Former Golang expert. I have no idea why 600 people follow me on here.,Moving Pieces,www.kyleerf.com,New York City,False,,[],united states
hawka,Amalia Hawkins,,,,,"New York, New York",False,,['PennAppsTeam'],united states
3rf,Kyle Erf,contact@kyleerf.com,Video game developer in NYC. Ex-Google. Ex-MongoDB. Former Golang expert. I have no idea why 600 people follow me on here.,Moving Pieces,www.kyleerf.com,New York City,False,,[],united states
dbmurphy,David Murphy,,,@percona ,,"Dublin,IE",False,,[],ireland
christkv,Christian Amor Kvalheim,,,10Gen.com,http://www.christiankvalheim.com,"Barcelona, Spain",False,,[],spain
jaredlwong,Jared Wong,jaredlwong@gmail.com,,Pinterest,http://www.jaredlwong.com/,"San Francisco, CA",False,,[],united states
deafgoat,Wisdom Omuya,deafgoat@gmail.com,,,,New York,False,,[],united states
TylerBrock,Tyler Brock,tyler.brock@gmail.com,CTO at @Hustle,"Hustle, Inc.",https://tylerbrock.com,"San Francisco, CA",False,,['Hustle'],united states
TylerBrock,Tyler Brock,tyler.brock@gmail.com,CTO at @Hustle,"Hustle, Inc.",https://tylerbrock.com,"San Francisco, CA",False,,['Hustle'],united states
TylerBrock,Tyler Brock,tyler.brock@gmail.com,CTO at @Hustle,"Hustle, Inc.",https://tylerbrock.com,"San Francisco, CA",False,,['Hustle'],united states
TylerBrock,Tyler Brock,tyler.brock@gmail.com,CTO at @Hustle,"Hustle, Inc.",https://tylerbrock.com,"San Francisco, CA",False,,['Hustle'],united states
vkarpov15,Valeri Karpov,val@karpov.io,"Web developer, blogger, author",Booster Fuels,http://www.thecodebarbarian.com,"Miami Beach, FL",False,,"['karma-runner', 'mochajs', 'mongodb-js', 'boosterfuels']",united states
hawka,Amalia Hawkins,,,,,"New York, New York",False,,['PennAppsTeam'],united states
rps,Rich Parrish,richparrishx@gmail.com,,,http://www.richparrish.com/,"San Francisco, CA",False,,[],united states
TylerBrock,Tyler Brock,tyler.brock@gmail.com,CTO at @Hustle,"Hustle, Inc.",https://tylerbrock.com,"San Francisco, CA",False,,['Hustle'],united states
deafgoat,Wisdom Omuya,deafgoat@gmail.com,,,,New York,False,,[],united states
rajatchopra,Rajat Chopra,rajatchopra@gmail.com,,NVIDIA,,"Santa Clara, California",False,,[],united states
hawka,Amalia Hawkins,,,,,"New York, New York",True,milkie,['PennAppsTeam'],united states
hawka,Amalia Hawkins,,,,,"New York, New York",False,,['PennAppsTeam'],united states
TylerBrock,Tyler Brock,tyler.brock@gmail.com,CTO at @Hustle,"Hustle, Inc.",https://tylerbrock.com,"San Francisco, CA",False,,['Hustle'],united states
shunwen,shunwen,hsiaoshunwen@gmail.com,,,,Taiwan,False,,[],taiwan
3rf,Kyle Erf,contact@kyleerf.com,Video game developer in NYC. Ex-Google. Ex-MongoDB. Former Golang expert. I have no idea why 600 people follow me on here.,Moving Pieces,www.kyleerf.com,New York City,False,,[],united states
hawka,Amalia Hawkins,,,,,"New York, New York",False,,['PennAppsTeam'],united states
claytonhoefer,Clayton Hoefer,choefer@pmd.com,,,,"Seattle, WA",False,,[],ghana
fgm,Frédéric G. MARAND,fgm@osinet.fr,,OSInet,https://blog.riff.org,France,False,,['OSInet'],france
ukd1,Russell Smith,,Co-founder of @rainforestapp with @fredsterss. Hacker. Lover of Crystal and Ruby. We're always hiring!,@rainforestapp ,https://www.rainforestqa.com/,"San Francisco, CA",False,,"['rainforestapp', 'coderwall-lemmings100', 'coderwall-charity', 'coderwall-forked', 'coderwall-forked20', 'coderwall-forked50', 'coderwall-nephilaKomaci', 'coderwall-nephilakomaci3', 'coderwall-octopussy', 'coderwall-polygamous']",united states
jameswahlin,James Wahlin,,,MongoDB Inc,,New York,True,milkie,[],united states
alonho,Alon Horev,alonho@gmail.com,,,http://alon.horev.net,Tel Aviv Israel,False,,[],undefined
jpiche,Joseph J. Piché,,,Ackmann & Dickenson,http://jpiche.com/,"Minneapolis, MN",False,,[],united states
x,Devon Peticolas,devon.peticolas@gmail.com,"Data engineer. Vimer. Lisper. Burrito enthusiast.

Timezone may vary.",Oden Technologies,peticol.as,New York City,False,,[],united states
3rf,Kyle Erf,contact@kyleerf.com,Video game developer in NYC. Ex-Google. Ex-MongoDB. Former Golang expert. I have no idea why 600 people follow me on here.,Moving Pieces,www.kyleerf.com,New York City,False,,[],united states
3rf,Kyle Erf,contact@kyleerf.com,Video game developer in NYC. Ex-Google. Ex-MongoDB. Former Golang expert. I have no idea why 600 people follow me on here.,Moving Pieces,www.kyleerf.com,New York City,False,,[],united states
geoghegan,Nick Geoghegan,,,@airbnb,https://twitter.com/devxvda,"Dublin, Ireland",False,,[],ireland
idning,Lin,,,,http://idning.github.io/,Bay area,False,,[],united states
3rf,Kyle Erf,contact@kyleerf.com,Video game developer in NYC. Ex-Google. Ex-MongoDB. Former Golang expert. I have no idea why 600 people follow me on here.,Moving Pieces,www.kyleerf.com,New York City,False,,[],united states
3rf,Kyle Erf,contact@kyleerf.com,Video game developer in NYC. Ex-Google. Ex-MongoDB. Former Golang expert. I have no idea why 600 people follow me on here.,Moving Pieces,www.kyleerf.com,New York City,False,,[],united states
erlichson,Andrew Erlichson,,,10gen,http://www.10gen.com,NYC,False,,[],united states
hawka,Amalia Hawkins,,,,,"New York, New York",False,,['PennAppsTeam'],united states
3rf,Kyle Erf,contact@kyleerf.com,Video game developer in NYC. Ex-Google. Ex-MongoDB. Former Golang expert. I have no idea why 600 people follow me on here.,Moving Pieces,www.kyleerf.com,New York City,False,,[],united states
mikehcox,Michael H. Cox,,,BlueZoo Software,,"Albuquerque, NM",False,,[],united states
dribba,David Ribba,,,,,Canada,False,,[],canada
3rf,Kyle Erf,contact@kyleerf.com,Video game developer in NYC. Ex-Google. Ex-MongoDB. Former Golang expert. I have no idea why 600 people follow me on here.,Moving Pieces,www.kyleerf.com,New York City,False,,[],united states
3rf,Kyle Erf,contact@kyleerf.com,Video game developer in NYC. Ex-Google. Ex-MongoDB. Former Golang expert. I have no idea why 600 people follow me on here.,Moving Pieces,www.kyleerf.com,New York City,False,,[],united states
3rf,Kyle Erf,contact@kyleerf.com,Video game developer in NYC. Ex-Google. Ex-MongoDB. Former Golang expert. I have no idea why 600 people follow me on here.,Moving Pieces,www.kyleerf.com,New York City,False,,[],united states
3rf,Kyle Erf,contact@kyleerf.com,Video game developer in NYC. Ex-Google. Ex-MongoDB. Former Golang expert. I have no idea why 600 people follow me on here.,Moving Pieces,www.kyleerf.com,New York City,False,,[],united states
astral303,Oleg Rekutin,,,Evergage,http://36hz.com,"Somerville, MA",False,,[],united states
mohyt,Mohit Srivastava,srivastavamohit91@gmail.com,Software developer at Unscrambl India,@unscrambl ,,Bangalore,False,,[],india
timn,Tim Niemueller,,Robot Software Engineer,X - The Moonshot Factory [Google X],https://www.niemueller.org,"Munich, Germany",False,,"['keplerproject', 'fawkesrobotics', 'robocup-logistics', 'robocup-industrial', 'carologistics']",germany
cxmcc,Xiuming Chen,cc@cxm.org,,,,San Francisco,False,,['limebike'],united states
timn,Tim Niemueller,,Robot Software Engineer,X - The Moonshot Factory [Google X],https://www.niemueller.org,"Munich, Germany",False,,"['keplerproject', 'fawkesrobotics', 'robocup-logistics', 'robocup-industrial', 'carologistics']",germany
ukd1,Russell Smith,,Co-founder of @rainforestapp with @fredsterss. Hacker. Lover of Crystal and Ruby. We're always hiring!,@rainforestapp ,https://www.rainforestqa.com/,"San Francisco, CA",False,,"['rainforestapp', 'coderwall-lemmings100', 'coderwall-charity', 'coderwall-forked', 'coderwall-forked20', 'coderwall-forked50', 'coderwall-nephilaKomaci', 'coderwall-nephilakomaci3', 'coderwall-octopussy', 'coderwall-polygamous']",united states
guilhem,Guilhem Lettron,guilhem@barpilot.io,"SRE freelance / DevOps evangelist

@barpilot founder
",@barpilot ,https://twitter.com/guilhemlettron,Paris,False,,"['chocolatey', 'ceph', 'Youscribe', 'zabbix', 'prosody-modules', 'redguide', 'barpilot']",france
gianpaj,Gianfrancø Palumbo,hi@gian.xyz,"Software developer and co-founder of Onova – Mobile marketplace of Ukrainian brands.
Download it on your iPhone or Android today.

Living in Ukraine 🇺🇦",Onova,https://onova.co,"Lviv, Ukraine",False,,[],ukraine
jsheely,Jonathan Sheely,jsheely@twentytech.net,,TwentyTech,http://twentytech.net,"Lancaster, PA",False,,[],united states
idank,Idan Kamara,,,,http://www.aleph.nu,San Francisco,False,,[],united states
Aricg,Aric Gardner,,,The Linux Foundation,https://aricgardner.com,Montreal,False,,[],canada
Aricg,Aric Gardner,,,The Linux Foundation,https://aricgardner.com,Montreal,False,,[],canada
Aricg,Aric Gardner,,,The Linux Foundation,https://aricgardner.com,Montreal,False,,[],canada
Aricg,Aric Gardner,,,The Linux Foundation,https://aricgardner.com,Montreal,False,,[],canada
Aricg,Aric Gardner,,,The Linux Foundation,https://aricgardner.com,Montreal,False,,[],canada
aheck,Andreas Heck,aheck@gmx.de,,,https://twitter.com/AndreasHeck1,"Karlsruhe, Germany",False,,[],germany
DmitryNaumov,Dmitry Naumov,,,Paladyne Systems,,"Saint-Petersburg, Russia",False,,[],russia
svetlyak40wt,Alexander Artemenko,,Founder of AllMyChanges.com and Ultralisp.org,Yandex,https://allmychanges.com,"Russia, Moscow",False,,"['40ants', 'AllMyChanges', 'weblocks-framework', 'ultralisp']",russia
rbrito,Rogério Brito,rbrito@ime.usp.br,,,http://cynic.cc/blog/,"São Paulo, Brazil",False,,['coursera-dl'],brazil
saifelse,Saif Hakim,,,Benchling,http://h4k.im,"San Francisco, CA",False,,['benchling'],united states
johanhedin,Johan Hedin,,,,,Sweden,True,scotthernandez,[],sweden
xiezhenye,Xie Zhenye,xiezhenye@gmail.com,世人都晓神仙好,Youzan,http://xiezhenye.com,Shanghai China,False,,[],undefined
jcalvinowens,Calvin Owens,jcalvinowens@gmail.com,,@facebook ,,"San Francisco, CA",False,,[],united states
vlajos,Lajos Veres,,,,https://lajosveres.com/,London,False,,[],united kingdom
syntion,Christoph,,,Universität Heidelberg,,"Heidelberg, Germany",False,,[],germany
cxmcc,Xiuming Chen,cc@cxm.org,,,,San Francisco,False,,['limebike'],united states
base698,Justin Thomas,,,VDMS,,"Santa Monica, CA",False,,[],united states
cxmcc,Xiuming Chen,cc@cxm.org,,,,San Francisco,False,,['limebike'],united states
KonishchevDmitry,Dmitry Konishchev,,,,https://linkedin.com/in/konishchev,Russia,False,,[],russia
KonishchevDmitry,Dmitry Konishchev,,,,https://linkedin.com/in/konishchev,Russia,False,,[],russia
stevebriskin,Steve Briskin,,,,,NYC,False,,[],united states
nubs,Spencer Rinehart,anubis@overthemonkey.com,,@keydotco ,http://overthemonkey.com,"Austin, TX",False,,['HyperJSON'],united states
rueckstiess,Thomas Rückstieß,,,MongoDB @mongodb-js ,,"Sydney, Australia",False,,['mongodb-js'],australia
vasmik,Vasily Mikryukov,,,RingCentral Inc.,,"Belmont, CA",False,,[],united states
TylerBrock,Tyler Brock,tyler.brock@gmail.com,CTO at @Hustle,"Hustle, Inc.",https://tylerbrock.com,"San Francisco, CA",False,,['Hustle'],united states
TylerBrock,Tyler Brock,tyler.brock@gmail.com,CTO at @Hustle,"Hustle, Inc.",https://tylerbrock.com,"San Francisco, CA",True,milkie,['Hustle'],united states
TylerBrock,Tyler Brock,tyler.brock@gmail.com,CTO at @Hustle,"Hustle, Inc.",https://tylerbrock.com,"San Francisco, CA",True,milkie,['Hustle'],united states
thiagooak,Thiago Carvalho,thiago.oak@gmail.com,,@Wayfair,,Berlin,False,,[],germany
chergert,Christian Hergert,christian@hergert.me,"Old fart GNOME hacker. Formerly Mono, VMware, MongoDB, and others.

https://gitlab.gnome.org/chergert",Red Hat,https://gitlab.gnome.org/chergert,"Portland, OR",False,,[],united states
saml,Sam Lee,,,@jwplayer ,http://www.webscale.info/,"New York, NY",False,,[],united states
ignatz,Sebastian Jeltsch,,,,,"Zurich, CH",False,,[],switzerland
jameswahlin,James Wahlin,,,MongoDB Inc,,New York,True,RedBeard0531,[],united states
asya999,Asya Kamsky,asya@kamsky.org,,@mongodb ,,"New York, NY",False,,['10gen'],united states
christkv,Christian Amor Kvalheim,,,10Gen.com,http://www.christiankvalheim.com,"Barcelona, Spain",False,,[],spain
asya999,Asya Kamsky,asya@kamsky.org,,@mongodb ,,"New York, NY",True,monkey101,['10gen'],united states
christkv,Christian Amor Kvalheim,,,10Gen.com,http://www.christiankvalheim.com,"Barcelona, Spain",False,,[],spain
christkv,Christian Amor Kvalheim,,,10Gen.com,http://www.christiankvalheim.com,"Barcelona, Spain",False,,[],spain
abdelouahabb,ALIANE Abdelouahab,abdelouahab_al@yahoo.fr,,,,Algeria,False,,[],algeria
abdelouahabb,ALIANE Abdelouahab,abdelouahab_al@yahoo.fr,,,,Algeria,False,,[],algeria
marians,Marian Steinbach,,Designing your experience with @giantswarm,Giant Swarm,https://www.sendung.de/,"Cologne, Germany",False,,"['KoelnAPI', 'giantswarm', 'cx-base', 'netzbegruenung']",germany
crumbjp,Hiroaki Kubota,hiroaki.kubota@mail.crumb.jp,,"Rakuten,inc",http://d.hatena.ne.jp/hiroppon/,Tokyo Japan,False,,"['roma', 'MongoDB-JP']",undefined
TylerBrock,Tyler Brock,tyler.brock@gmail.com,CTO at @Hustle,"Hustle, Inc.",https://tylerbrock.com,"San Francisco, CA",False,,['Hustle'],united states
stevebriskin,Steve Briskin,,,,,NYC,False,,[],united states
MathieuTurcotte,Mathieu Turcotte,turcotte.mat@gmail.com,,Google Inc.,mathieuturcotte.ca,New York,False,,[],united states
fvetsper,Felix Vetsper,fvetsper@gmail.com,,Check Point,,Tel Aviv,False,,[],israel
jameswahlin,James Wahlin,,,MongoDB Inc,,New York,False,,[],united states
kommit,Kommit,kommit@gmail.com,,,http://blog.loscomet.com,Beijing,False,,['REAPER-CN'],china
utaal,Andrea Lattuada,,,ETH Zürich,http://andrea.lattuada.me,"Zürich, Switzerland",True,RedBeard0531,['TimelyDataflow'],switzerland
utaal,Andrea Lattuada,,,ETH Zürich,http://andrea.lattuada.me,"Zürich, Switzerland",True,IanWhalen,['TimelyDataflow'],switzerland
utaal,Andrea Lattuada,,,ETH Zürich,http://andrea.lattuada.me,"Zürich, Switzerland",True,IanWhalen,['TimelyDataflow'],switzerland
utaal,Andrea Lattuada,,,ETH Zürich,http://andrea.lattuada.me,"Zürich, Switzerland",True,IanWhalen,['TimelyDataflow'],switzerland
utaal,Andrea Lattuada,,,ETH Zürich,http://andrea.lattuada.me,"Zürich, Switzerland",True,RedBeard0531,['TimelyDataflow'],switzerland
utaal,Andrea Lattuada,,,ETH Zürich,http://andrea.lattuada.me,"Zürich, Switzerland",True,RedBeard0531,['TimelyDataflow'],switzerland
utaal,Andrea Lattuada,,,ETH Zürich,http://andrea.lattuada.me,"Zürich, Switzerland",False,,['TimelyDataflow'],switzerland
utaal,Andrea Lattuada,,,ETH Zürich,http://andrea.lattuada.me,"Zürich, Switzerland",False,,['TimelyDataflow'],switzerland
glasser,David Glasser,glasser@davidglasser.net,,Meteor Development Group,http://flickr.com/photos/glasser/,"San Francisco, CA",False,,['meteor'],united states
danieltahara,Daniel Tahara,,,Dropbox,linkedin.com/in/danieltahara,"San Francisco, CA",False,,['Yale-Hackers'],united states
derickr,Derick Rethans,github@derickrethans.nl,,,https://derickrethans.nl,"London, England",False,,['zetacomponents'],united kingdom
derickr,Derick Rethans,github@derickrethans.nl,,,https://derickrethans.nl,"London, England",True,IanWhalen,['zetacomponents'],united kingdom
pborreli,Pascal Borreli,pascal@borreli.com,"CEO of my life, CTO of my localhost, co-founder of my son and daughter, Symfony evangelist, impulsive typo fixer.",Les-Tilleuls.coop,http://twitter.com/pborreli,"Oujda, Morocco",False,,"['htty', 'coopTilleuls', 'coderwall-24PullRequestsParticipant', 'coderwall-24PullRequestsContinuous']",morocco
RexMorgan,Rex Morgan,,,@DovetailSoftware ,https://rexflex.net/,"Austin, Texas",False,,['foilr'],united states
svenstaro,Sven-Hendrik Haase,svenstaro@gmail.com,"Available for remote contracting.

Freelance consultant, Arch Linux developer, hobbyist game and graphics programmer.",,https://svenstaro.org,"Germany, Hamburg",False,,"['ducttape', 'archlinux', 'kuehne-nagel', 'ggez', 'actix']",germany
Kwasniewski,Joey Kwasniewski,kwasniewski@gmail.com,,,,"Concord, CA",False,,[],united states
Kwasniewski,Joey Kwasniewski,kwasniewski@gmail.com,,,,"Concord, CA",False,,[],united states
jamesblackburn,James Blackburn,jamesblackburn@gmail.com,,Man Group,http://jbblackburn.com,"London, UK",True,benety,[],united kingdom
zhemao,Howard Mao,,,,http://zhehaomao.com,"Berkeley, CA",True,tadmarshall,[],united states
crumbjp,Hiroaki Kubota,hiroaki.kubota@mail.crumb.jp,,"Rakuten,inc",http://d.hatena.ne.jp/hiroppon/,Tokyo Japan,False,,"['roma', 'MongoDB-JP']",undefined
aheckmann,Aaron Heckmann,aaron.heckmann+github@gmail.com,,@paypal,http://twitter.com/aaronheckmann,"San Jose, CA",False,,"['nko', 'koajs']",philippines
kalman5,Gaetano,mendola@gmail.com,Software Engineer at Bloomberg LP.,,,Switzerland,False,,[],switzerland
christkv,Christian Amor Kvalheim,,,10Gen.com,http://www.christiankvalheim.com,"Barcelona, Spain",False,,[],spain
guilhem,Guilhem Lettron,guilhem@barpilot.io,"SRE freelance / DevOps evangelist

@barpilot founder
",@barpilot ,https://twitter.com/guilhemlettron,Paris,False,,"['chocolatey', 'ceph', 'Youscribe', 'zabbix', 'prosody-modules', 'redguide', 'barpilot']",france
kalman5,Gaetano,mendola@gmail.com,Software Engineer at Bloomberg LP.,,,Switzerland,False,,[],switzerland
hrldcpr,harold cooper,h@x.st,dilettante @recursecenter @mit,,https://x.st,nyc,False,,['heatseeknyc'],united states
stevebriskin,Steve Briskin,,,,,NYC,True,IanWhalen,[],united states
aheckmann,Aaron Heckmann,aaron.heckmann+github@gmail.com,,@paypal,http://twitter.com/aaronheckmann,"San Jose, CA",True,IanWhalen,"['nko', 'koajs']",philippines
joshprice,Josh Price,josh@alembic.com.au,,Alembic,https://alembic.com.au,"Sydney, Australia",False,,"['canoniq', 'graphql-elixir', 'graphql-cats', 'team-alembic']",australia
derickr,Derick Rethans,github@derickrethans.nl,,,https://derickrethans.nl,"London, England",False,,['zetacomponents'],united kingdom
davidagraf,David Graf,,,,,Zurich,False,,[],switzerland
davidagraf,David Graf,,,,,Zurich,False,,[],switzerland
zhemao,Howard Mao,,,,http://zhehaomao.com,"Berkeley, CA",False,,[],united states
zhemao,Howard Mao,,,,http://zhehaomao.com,"Berkeley, CA",False,,[],united states
zhemao,Howard Mao,,,,http://zhehaomao.com,"Berkeley, CA",True,IanWhalen,[],united states
zhemao,Howard Mao,,,,http://zhehaomao.com,"Berkeley, CA",False,,[],united states
zhemao,Howard Mao,,,,http://zhehaomao.com,"Berkeley, CA",False,,[],united states
dannenberg,Matt Dannenberg,,,"teachers pay teachers! (it's pretty wonderful here, let me know if you want a job)",,New York,False,,['alumNY'],united states
lbehm,Ludwig Behm,,,,,Germany,False,,[],germany
dannenberg,Matt Dannenberg,,,"teachers pay teachers! (it's pretty wonderful here, let me know if you want a job)",,New York,False,,['alumNY'],united states
dannenberg,Matt Dannenberg,,,"teachers pay teachers! (it's pretty wonderful here, let me know if you want a job)",,New York,False,,['alumNY'],united states
dannenberg,Matt Dannenberg,,,"teachers pay teachers! (it's pretty wonderful here, let me know if you want a job)",,New York,False,,['alumNY'],united states
dannenberg,Matt Dannenberg,,,"teachers pay teachers! (it's pretty wonderful here, let me know if you want a job)",,New York,False,,['alumNY'],united states
dannenberg,Matt Dannenberg,,,"teachers pay teachers! (it's pretty wonderful here, let me know if you want a job)",,New York,False,,['alumNY'],united states
dannenberg,Matt Dannenberg,,,"teachers pay teachers! (it's pretty wonderful here, let me know if you want a job)",,New York,False,,['alumNY'],united states
weyrick,Shannon Weyrick,,"long time hacker. infrastructure, languages. engineering @ns1 ",NS1,https://ns1.com/,New York,False,,"['nsone', 'ns1']",united states
dannenberg,Matt Dannenberg,,,"teachers pay teachers! (it's pretty wonderful here, let me know if you want a job)",,New York,False,,['alumNY'],united states
ghost,Deleted user,,"Hi, I'm @ghost! I take the place of user accounts that have been deleted.
:ghost:
",,,"Nothing to see here, move along.",False,,[],kosovo
ghost,Deleted user,,"Hi, I'm @ghost! I take the place of user accounts that have been deleted.
:ghost:
",,,"Nothing to see here, move along.",False,,[],kosovo
ghost,Deleted user,,"Hi, I'm @ghost! I take the place of user accounts that have been deleted.
:ghost:
",,,"Nothing to see here, move along.",False,,[],kosovo
dannenberg,Matt Dannenberg,,,"teachers pay teachers! (it's pretty wonderful here, let me know if you want a job)",,New York,False,,['alumNY'],united states
waitman,Waitman Gobble (GH condolences program),waitman@waitman.net,"For Github alternatives, try Gitlab, or Gitea. 

Follow my projects on https://git.bsd.do/
",Waitman Gobble,https://git.bsd.do/,"Los Altos, California",False,,[],united states
weyrick,Shannon Weyrick,,"long time hacker. infrastructure, languages. engineering @ns1 ",NS1,https://ns1.com/,New York,False,,"['nsone', 'ns1']",united states
weyrick,Shannon Weyrick,,"long time hacker. infrastructure, languages. engineering @ns1 ",NS1,https://ns1.com/,New York,False,,"['nsone', 'ns1']",united states
ebroder,Evan Broder,evan@ebroder.net,,,http://ebroder.net,"San Francisco, CA",False,,['deathandmayhem'],united states
waitman,Waitman Gobble (GH condolences program),waitman@waitman.net,"For Github alternatives, try Gitlab, or Gitea. 

Follow my projects on https://git.bsd.do/
",Waitman Gobble,https://git.bsd.do/,"Los Altos, California",False,,[],united states
zhemao,Howard Mao,,,,http://zhehaomao.com,"Berkeley, CA",False,,[],united states
derickr,Derick Rethans,github@derickrethans.nl,,,https://derickrethans.nl,"London, England",True,miketheman,['zetacomponents'],united kingdom
amcfague,Andrew McFague,redmumba@gmail.com,,@facebook ,,"Seattle, WA",False,,[],ghana
lcapaldo,Logan Capaldo,,,,,"Norwalk, CT",False,,[],united states
amcfague,Andrew McFague,redmumba@gmail.com,,@facebook ,,"Seattle, WA",False,,[],ghana
amcfague,Andrew McFague,redmumba@gmail.com,,@facebook ,,"Seattle, WA",False,,[],ghana
amcfague,Andrew McFague,redmumba@gmail.com,,@facebook ,,"Seattle, WA",False,,[],ghana
amcfague,Andrew McFague,redmumba@gmail.com,,@facebook ,,"Seattle, WA",False,,[],ghana
JakubOboza,Jakub,jakub.oboza@gmail.com,,,http://lambdacu.be,London | Kraków,False,,[],united kingdom
onyxmaster,Aristarkh Zagorodnikov,xm@drive.net,Tech lead at DRIVE2.RU,@drivenet ,http://xm.x-infinity.com/,"Moscow, Russia",False,,"['drivenet', 'dotnet-foundation']",russia
larroy,Pedro Larroy,pedro.larroy.lists@gmail.com,,@MXNetEdge ,https://www.linkedin.com/in/pedrolarroy/,"Palo Alto, California",False,,[],united states
tsavola,Timo Savola,timo.savola@iki.fi,,Ninchat,https://savo.la,"Helsinki, Finland",False,,"['somia', 'ninchat']",finland
mengz0,Meng Zhang,jammy.linux@gmail.com,,"Facebook, Inc",,Boston,False,,[],united states
chx007,陈绪元,,,,,福建省福州,False,,[],kosovo
TylerBrock,Tyler Brock,tyler.brock@gmail.com,CTO at @Hustle,"Hustle, Inc.",https://tylerbrock.com,"San Francisco, CA",True,sverch,['Hustle'],united states
osheroff,Ben Osheroff,,,,https://shiba-sql.com,General Vagrancy,False,,[],undefined
larroy,Pedro Larroy,pedro.larroy.lists@gmail.com,,@MXNetEdge ,https://www.linkedin.com/in/pedrolarroy/,"Palo Alto, California",False,,[],united states
osheroff,Ben Osheroff,,,,https://shiba-sql.com,General Vagrancy,False,,[],undefined
larroy,Pedro Larroy,pedro.larroy.lists@gmail.com,,@MXNetEdge ,https://www.linkedin.com/in/pedrolarroy/,"Palo Alto, California",False,,[],united states
derickr,Derick Rethans,github@derickrethans.nl,,,https://derickrethans.nl,"London, England",False,,['zetacomponents'],united kingdom
nosh,Nosh Petigara,nosh@alum.mit.edu,,,http://noshpetigara.com,"New York, NY",False,,[],united states
djcsdy,Daniel Cassidy,mail@danielcassidy.me.uk,,@softwareventures,http://www.danielcassidy.me.uk/,"Cambridge, UK",True,tadmarshall,"['dcgw', 'whirlwind-match', 'haxenme', 'softwareventures']",new zealand
weyrick,Shannon Weyrick,,"long time hacker. infrastructure, languages. engineering @ns1 ",NS1,https://ns1.com/,New York,False,,"['nsone', 'ns1']",united states
djcsdy,Daniel Cassidy,mail@danielcassidy.me.uk,,@softwareventures,http://www.danielcassidy.me.uk/,"Cambridge, UK",False,,"['dcgw', 'whirlwind-match', 'haxenme', 'softwareventures']",new zealand
tanakh,Hideyuki Tanaka,tanaka.hideyuki@gmail.com,,PEZY Computing,http://tanakh.jp,Tokyo,False,,"['msgpack', 'jubatus']",japan
tedb,Ted B,,,,https://tedb.us,South Carolina,False,,[],united states
wpjunior,Wilson Júnior,wilsonpjunior@gmail.com,,Globo.com,http://wpjunior.github.com,Rio de Janeiro / Brazil,False,,"['globocom', 'MongoEngine', 'backstage']",brazil
cathoderay,Ronald Andreu Kaiser,raios.catodicos@gmail.com,I'm always learning...,,changingbit.blogspot.com,"Oslo, Norway",False,,[],norway
cathoderay,Ronald Andreu Kaiser,raios.catodicos@gmail.com,I'm always learning...,,changingbit.blogspot.com,"Oslo, Norway",True,tadmarshall,[],norway
larroy,Pedro Larroy,pedro.larroy.lists@gmail.com,,@MXNetEdge ,https://www.linkedin.com/in/pedrolarroy/,"Palo Alto, California",False,,[],united states
ukd1,Russell Smith,,Co-founder of @rainforestapp with @fredsterss. Hacker. Lover of Crystal and Ruby. We're always hiring!,@rainforestapp ,https://www.rainforestqa.com/,"San Francisco, CA",False,,"['rainforestapp', 'coderwall-lemmings100', 'coderwall-charity', 'coderwall-forked', 'coderwall-forked20', 'coderwall-forked50', 'coderwall-nephilaKomaci', 'coderwall-nephilakomaci3', 'coderwall-octopussy', 'coderwall-polygamous']",united states
jhuntwork,Jeremy Huntwork,jhuntwork@lightcube.us,,,,"New York, NY",False,,[],united states
jhuntwork,Jeremy Huntwork,jhuntwork@lightcube.us,,,,"New York, NY",False,,[],united states
hoffrocket,Jon Hoffman,,,Redesign Health,,"New York, NY",True,erh,"['lift', 'scalaj']",united states
presbrey,,,,,http://presbrey.mit.edu,MIT,True,miketheman,[],undefined
ghost,Deleted user,,"Hi, I'm @ghost! I take the place of user accounts that have been deleted.
:ghost:
",,,"Nothing to see here, move along.",False,,[],kosovo
ukd1,Russell Smith,,Co-founder of @rainforestapp with @fredsterss. Hacker. Lover of Crystal and Ruby. We're always hiring!,@rainforestapp ,https://www.rainforestqa.com/,"San Francisco, CA",True,miketheman,"['rainforestapp', 'coderwall-lemmings100', 'coderwall-charity', 'coderwall-forked', 'coderwall-forked20', 'coderwall-forked50', 'coderwall-nephilaKomaci', 'coderwall-nephilakomaci3', 'coderwall-octopussy', 'coderwall-polygamous']",united states
tadmarshall,Tad Marshall,,,Digital Nomad,http://www.linkedin.com/in/tadmarshall,Seattle,True,erh,[],united states
tadmarshall,Tad Marshall,,,Digital Nomad,http://www.linkedin.com/in/tadmarshall,Seattle,False,,[],united states
tadmarshall,Tad Marshall,,,Digital Nomad,http://www.linkedin.com/in/tadmarshall,Seattle,True,erh,[],united states
tadmarshall,Tad Marshall,,,Digital Nomad,http://www.linkedin.com/in/tadmarshall,Seattle,True,erh,[],united states
tadmarshall,Tad Marshall,,,Digital Nomad,http://www.linkedin.com/in/tadmarshall,Seattle,False,,[],united states
tadmarshall,Tad Marshall,,,Digital Nomad,http://www.linkedin.com/in/tadmarshall,Seattle,False,,[],united states
tadmarshall,Tad Marshall,,,Digital Nomad,http://www.linkedin.com/in/tadmarshall,Seattle,False,,[],united states
tadmarshall,Tad Marshall,,,Digital Nomad,http://www.linkedin.com/in/tadmarshall,Seattle,False,,[],united states
tadmarshall,Tad Marshall,,,Digital Nomad,http://www.linkedin.com/in/tadmarshall,Seattle,True,erh,[],united states
tadmarshall,Tad Marshall,,,Digital Nomad,http://www.linkedin.com/in/tadmarshall,Seattle,True,erh,[],united states
tadmarshall,Tad Marshall,,,Digital Nomad,http://www.linkedin.com/in/tadmarshall,Seattle,True,erh,[],united states
tadmarshall,Tad Marshall,,,Digital Nomad,http://www.linkedin.com/in/tadmarshall,Seattle,False,,[],united states
leejo,Lee J,,,,http://leejo.github.io,"Vaud, Switzerland",False,,"['perl6', 'Act-Conferences', 'LondonPM', 'Humanstate']",switzerland
tadmarshall,Tad Marshall,,,Digital Nomad,http://www.linkedin.com/in/tadmarshall,Seattle,False,,[],united states
tadmarshall,Tad Marshall,,,Digital Nomad,http://www.linkedin.com/in/tadmarshall,Seattle,True,erh,[],united states
vrtx,Ben Becker,benjamin.becker@gmail.com,,,vrtx0.com,"Cambridge, MA",True,tadmarshall,[],new zealand
vrtx,Ben Becker,benjamin.becker@gmail.com,,,vrtx0.com,"Cambridge, MA",True,astaple,[],new zealand
nosh,Nosh Petigara,nosh@alum.mit.edu,,,http://noshpetigara.com,"New York, NY",True,brandondiamond,[],united states
tadmarshall,Tad Marshall,,,Digital Nomad,http://www.linkedin.com/in/tadmarshall,Seattle,False,,[],united states
tadmarshall,Tad Marshall,,,Digital Nomad,http://www.linkedin.com/in/tadmarshall,Seattle,False,,[],united states
tadmarshall,Tad Marshall,,,Digital Nomad,http://www.linkedin.com/in/tadmarshall,Seattle,False,,[],united states
tadmarshall,Tad Marshall,,,Digital Nomad,http://www.linkedin.com/in/tadmarshall,Seattle,False,,[],united states
tadmarshall,Tad Marshall,,,Digital Nomad,http://www.linkedin.com/in/tadmarshall,Seattle,False,,[],united states
tadmarshall,Tad Marshall,,,Digital Nomad,http://www.linkedin.com/in/tadmarshall,Seattle,False,,[],united states
tadmarshall,Tad Marshall,,,Digital Nomad,http://www.linkedin.com/in/tadmarshall,Seattle,False,,[],united states
reidmorrison,Reid Morrison,reidmo@gmail.com,"Hands on Software Architect, Open Source Developer, focused on massive web applications using Elixir and Ruby.","Clarity Services, Inc.",,"Tampa, FL, USA",False,,"['ClarityServices', 'rocketjob']",united states
rnrn,Radik,,,,,Nizhnevartovsk,False,,[],russia
mbj,Markus Schirp,mbj@schirp-dso.com,Dynamic language exorcist.,/proc/self,https://twitter.com/_m_b_j_,/dev/urandom,False,,['datamapper'],kosovo
pc,Patrick Collison,,I type things at Stripe.,Stripe,http://patrickcollison.com,San Francisco,False,,[],united states
flaper87,Flavio Percoco,flaper87@flaper87.org,,Elastic,http://www.flaper87.com,Italy,False,,"['django-nonrel', 'redhat-openstack', 'xk0', 'mongodb-es', 'kubernetes', 'kubernetes-sigs']",italy
ukd1,Russell Smith,,Co-founder of @rainforestapp with @fredsterss. Hacker. Lover of Crystal and Ruby. We're always hiring!,@rainforestapp ,https://www.rainforestqa.com/,"San Francisco, CA",True,erh,"['rainforestapp', 'coderwall-lemmings100', 'coderwall-charity', 'coderwall-forked', 'coderwall-forked20', 'coderwall-forked50', 'coderwall-nephilaKomaci', 'coderwall-nephilakomaci3', 'coderwall-octopussy', 'coderwall-polygamous']",united states
nickbruun,Nick Bruun,,Head nerd at @audacious-io. Former CTO of @Iconfinder.,@audacious-io ,http://bruun.co/,"Los Angeles, CA",False,,['23'],united states
nhooey,Neil Hooey,nhooey@gmail.com,Full stack engineer with experience in Search and DevOps.,,,"Toronto, Ontario, Canada",False,,[],canada
dannenberg,Matt Dannenberg,,,"teachers pay teachers! (it's pretty wonderful here, let me know if you want a job)",,New York,False,,['alumNY'],united states
dannenberg,Matt Dannenberg,,,"teachers pay teachers! (it's pretty wonderful here, let me know if you want a job)",,New York,False,,['alumNY'],united states
dannenberg,Matt Dannenberg,,,"teachers pay teachers! (it's pretty wonderful here, let me know if you want a job)",,New York,False,,['alumNY'],united states
dannenberg,Matt Dannenberg,,,"teachers pay teachers! (it's pretty wonderful here, let me know if you want a job)",,New York,False,,['alumNY'],united states
Keruspe,Marc-Antoine Perennou,Marc-Antoine@Perennou.com,SRE @CleverCloud and @Exherbo core developer.,Clever Cloud,http://www.imagination-land.org/,Nantes,False,,"['CleverCloud', 'imie-source', 'Exherbo', 'sozu-proxy', 'CleverCloudDemos']",france
dannenberg,Matt Dannenberg,,,"teachers pay teachers! (it's pretty wonderful here, let me know if you want a job)",,New York,False,,['alumNY'],united states
Keruspe,Marc-Antoine Perennou,Marc-Antoine@Perennou.com,SRE @CleverCloud and @Exherbo core developer.,Clever Cloud,http://www.imagination-land.org/,Nantes,False,,"['CleverCloud', 'imie-source', 'Exherbo', 'sozu-proxy', 'CleverCloudDemos']",france
dannenberg,Matt Dannenberg,,,"teachers pay teachers! (it's pretty wonderful here, let me know if you want a job)",,New York,False,,['alumNY'],united states
dannenberg,Matt Dannenberg,,,"teachers pay teachers! (it's pretty wonderful here, let me know if you want a job)",,New York,True,kchodorow,['alumNY'],united states
chtitux,Théophile Helleboid - chtitux,chtitux@gmail.com,,,http://chtitux.org/,France,False,,['trainline-eu'],france
dannenberg,Matt Dannenberg,,,"teachers pay teachers! (it's pretty wonderful here, let me know if you want a job)",,New York,False,,['alumNY'],united states
dannenberg,Matt Dannenberg,,,"teachers pay teachers! (it's pretty wonderful here, let me know if you want a job)",,New York,False,,['alumNY'],united states
dannenberg,Matt Dannenberg,,,"teachers pay teachers! (it's pretty wonderful here, let me know if you want a job)",,New York,False,,['alumNY'],united states
dannenberg,Matt Dannenberg,,,"teachers pay teachers! (it's pretty wonderful here, let me know if you want a job)",,New York,False,,['alumNY'],united states
dannenberg,Matt Dannenberg,,,"teachers pay teachers! (it's pretty wonderful here, let me know if you want a job)",,New York,False,,['alumNY'],united states
dannenberg,Matt Dannenberg,,,"teachers pay teachers! (it's pretty wonderful here, let me know if you want a job)",,New York,False,,['alumNY'],united states
dannenberg,Matt Dannenberg,,,"teachers pay teachers! (it's pretty wonderful here, let me know if you want a job)",,New York,True,kchodorow,['alumNY'],united states
dannenberg,Matt Dannenberg,,,"teachers pay teachers! (it's pretty wonderful here, let me know if you want a job)",,New York,False,,['alumNY'],united states
dannenberg,Matt Dannenberg,,,"teachers pay teachers! (it's pretty wonderful here, let me know if you want a job)",,New York,False,,['alumNY'],united states
dannenberg,Matt Dannenberg,,,"teachers pay teachers! (it's pretty wonderful here, let me know if you want a job)",,New York,False,,['alumNY'],united states
dannenberg,Matt Dannenberg,,,"teachers pay teachers! (it's pretty wonderful here, let me know if you want a job)",,New York,True,kchodorow,['alumNY'],united states
dannenberg,Matt Dannenberg,,,"teachers pay teachers! (it's pretty wonderful here, let me know if you want a job)",,New York,False,,['alumNY'],united states
tarttelin,Chris Tarttelin,chris@tarttelin.co.uk,,PyRuby,www.pyruby.com,Reading,False,,[],united kingdom
cangove,Chris Angove,chris.w.angove@gmail.com,,Spotify,,"New York, NY",False,,['spotify'],united states
dannenberg,Matt Dannenberg,,,"teachers pay teachers! (it's pretty wonderful here, let me know if you want a job)",,New York,True,kchodorow,['alumNY'],united states
dannenberg,Matt Dannenberg,,,"teachers pay teachers! (it's pretty wonderful here, let me know if you want a job)",,New York,True,erh,['alumNY'],united states
lqs,Liu Qishuai,lqs@lqs.me,,,https://lqs.me,Beijing,False,,[],china
JensRantil,Jens Rantil,jens.rantil@gmail.com,"Swedish/English, backend engineer (@tink), engineering mathematics, traveller, nerd, juggler, guitar/african drum player. Inspired Swede.",Tink AB,http://jensrantil.github.io,"Stockholm, Sweden",True,erh,"['zeromq', 'any-migrate']",sweden
mattbillenstein,Matt Billenstein,matt@vazor.com,,,http://vazor.com,"San Francisco, CA",False,,[],united states
stulentsev,Sergio Tulentsev,sergei.tulentsev@gmail.com,,@textmaster ,http://tech.tulentsev.com,"Rio de Janeiro, Brazil",False,,[],brazil
stulentsev,Sergio Tulentsev,sergei.tulentsev@gmail.com,,@textmaster ,http://tech.tulentsev.com,"Rio de Janeiro, Brazil",False,,[],brazil
stulentsev,Sergio Tulentsev,sergei.tulentsev@gmail.com,,@textmaster ,http://tech.tulentsev.com,"Rio de Janeiro, Brazil",False,,[],brazil
redmeadowman,Daris A Nevil,dnevil@intrusion.com,Senior Software Engineer at Intrusion Inc since 2002,Intrusion Inc,http://www.intrusion.com,"Dallas, Texas",False,,[],united states
paul,Paul Sadauskas,psadauskas@gmail.com,,@TextUsBiz  ,http://blog.theamazingrando.com,"Boulder, CO",False,,['tychoapp'],united states
adrien-mogenet,Adrien Mogenet,adrien.mogenet@gmail.com,Engineering Manager of the Recommendations team at @indeedeng,@indeedeng,http://mogenet.me,"Tokyo, Japan",False,,[],japan
adrien-mogenet,Adrien Mogenet,adrien.mogenet@gmail.com,Engineering Manager of the Recommendations team at @indeedeng,@indeedeng,http://mogenet.me,"Tokyo, Japan",False,,[],japan
petdance,Andy Lester,andy@petdance.com,I wrote ack. I maintain bobby-tables.com. I do Perl stuff.,,http://petdance.com/,"McHenry, IL",True,,['Perl-Critic'],united states
joshrotenberg,josh rotenberg,,"hi, i'm josh.",,http://www.joshrotenberg.com,"albany, ca",False,,[],australia
JDonner,Jeff Donner,jeffrey.donner@gmail.com,,,,San Mateo CA,False,,[],undefined
JDonner,Jeff Donner,jeffrey.donner@gmail.com,,,,San Mateo CA,False,,[],undefined
ghost,Deleted user,,"Hi, I'm @ghost! I take the place of user accounts that have been deleted.
:ghost:
",,,"Nothing to see here, move along.",False,,[],kosovo
Kernald,Marc Plano-Lesay,marc.planolesay@gmail.com,,@google ,http://enoent.fr,"Sydney, Australia",False,,['Pixelized'],australia
TonyGen,Tony Hannan,AnthonyHannan@gmail.com,,,,NYC,False,,[],united states
zippy1981,Justin Dearing,zippy1981 at google mail,,Zippysoft Consulting,http://www.justaprogrammer.net/profile/justin,"Cranford, NJ",False,,"['justaprogrammer', 'LIPHP', 'FarManager', 'NYNJ-Winternals', 'TrackMyQuery']",united states
mapleoin,Ionuț Arțăriși,,save the bees,,https://mapleoin.github.io,"London, UK",False,,"['openSUSE', 'osperlabs']",united kingdom
