login,name,email,bio,company,blog,location,merged,merged_by,orgs
dverdugo85,Daniel Verdugo Gonzalez,dverdugo85@gmail.com,,Bimbask,http://www.bimbask.com,Chile,False,,[]
ancostas,Alexander Nicholas Costas,,I like code!,MongoDB,,"New York, NY",False,,[]
rbanffy,Ricardo Bánffy,rbanffy@gmail.com,"Computer whisperer, cloud charmer, seasoned geek, round peg, writer of executable poetry.",Zendesk,http://about.me/rbanffy,"Dublin, Ireland",False,,"['plone', 'collective', 'plonegovbr']"
bdbaddog,William Deegan,bill@baddogconsulting.com,"Software consultant providing build and test automation, web and mobile app development.   Buildbot BotHerder  (management board), and Co-Manager SCons Project",,http://baddogconsulting.com,127.0.0.1,False,,['buildbot']
bdbaddog,William Deegan,bill@baddogconsulting.com,"Software consultant providing build and test automation, web and mobile app development.   Buildbot BotHerder  (management board), and Co-Manager SCons Project",,http://baddogconsulting.com,127.0.0.1,False,,['buildbot']
chasinglogic,Mathew Robinson,chasinglogic@gmail.com,Linux and FOSS Enthusiast. I am a Software Engineer on the platforms team at MongoDB,@mongodb,http://chasinglogic.io,"New York, New York",False,,[]
sc250024,Scott Crooks,,,StackState B.V.,,"Amsterdam, The Netherlands",False,,[]
ekevoo,Ekevoo,,,,http://twitter.com/Ekevoo,"Toronto, Canada",False,,['jassg-to']
sntdevco,Sayan Nandan,,"Programmer, innovator and futurist
// 16 year old
// No man is an island!
// Rust is my ❤",,https://sntdevco.github.io/,The Internet,False,,"['EpicGames', 'AOSPR']"
bdbaddog,William Deegan,bill@baddogconsulting.com,"Software consultant providing build and test automation, web and mobile app development.   Buildbot BotHerder  (management board), and Co-Manager SCons Project",,http://baddogconsulting.com,127.0.0.1,False,,['buildbot']
mixmatch,Daniel Petty,mixmatch@gmail.com,science fiction == future reality,,http://danielpetty.com,"Denver, CO, USA",False,,[]
mixmatch,Daniel Petty,mixmatch@gmail.com,science fiction == future reality,,http://danielpetty.com,"Denver, CO, USA",False,,[]
shoaibrayeen,Shoaib Rayeen,shoaib.mca17.du@gmail.com,"MCA - Department of Computer Science , University of Delhi | Alexa Student Influencer @Alexa",@DUCS,https://shoaibrayeen.github.io,"New Delhi , India",False,,[]
oc666,Ofer Cohen,,,S.D.O.C. Ltd.,http://billrun.net,Israel,False,,[]
gaiscioch,Cameron Brill,,NLP researcher. RL/DL practitioner. State Farm SWE.,,,"Dallas, TX",False,,[]
JFLABO,JFLABO[JP],,"＠Ｃａｆｅ around skytree
software network alliance Comptia
",JFLABO,http://jflabo.org/tbrploc/public/,Japan Tokyo Sumida-Ku,False,,[]
asya999,Asya Kamsky,asya@kamsky.org,,@mongodb ,,"New York, NY",False,,['10gen']
asya999,Asya Kamsky,asya@kamsky.org,,@mongodb ,,"New York, NY",False,,['10gen']
PrashanthCorp,Prashanth,,Dev @Azure ,@Microsoft ,,"Seattle, WA",False,,[]
Dandanlin0702,Dandan Lin,,Software Engineer,,https://www.linkedin.com/in/dandanlin0702/,New York,False,,[]
Dandanlin0702,Dandan Lin,,Software Engineer,,https://www.linkedin.com/in/dandanlin0702/,New York,False,,[]
KevinCybura,Kevin Cybura,,,@SimpleBet ,,New York City,False,,['BVE-Reborn']
xdg,David Golden,,"Staff engineer @MongoDB. I like building things, solving problems and playing games, occasionally at the same time.",@mongodb ,https://xdg.me/,NYC,False,,['StrawberryPerl']
KevinCybura,Kevin Cybura,,,@SimpleBet ,,New York City,False,,['BVE-Reborn']
Dandanlin0702,Dandan Lin,,Software Engineer,,https://www.linkedin.com/in/dandanlin0702/,New York,False,,[]
Dandanlin0702,Dandan Lin,,Software Engineer,,https://www.linkedin.com/in/dandanlin0702/,New York,False,,[]
KevinCybura,Kevin Cybura,,,@SimpleBet ,,New York City,False,,['BVE-Reborn']
KevinCybura,Kevin Cybura,,,@SimpleBet ,,New York City,False,,['BVE-Reborn']
cramaechi,Chibuikem Amaechi,cramaechi@gmail.com,I think abstract.,,,"Houston, Texas",False,,[]
Dandanlin0702,Dandan Lin,,Software Engineer,,https://www.linkedin.com/in/dandanlin0702/,New York,False,,[]
Dandanlin0702,Dandan Lin,,Software Engineer,,https://www.linkedin.com/in/dandanlin0702/,New York,False,,[]
kakts,Keita Akutsu,kakts.git@gmail.com,,Cyberagent.inc,http://kakts-tec.hatenablog.com/,"Tokyo, Japan",False,,[]
juanpaulo,Paulo Gutierrez,juanpaulo.gutierrez@gmail.com,,@databricks,https://paulo.gutierrez.life,"Tokyo, Japan",False,,['databricks']
KevinCybura,Kevin Cybura,,,@SimpleBet ,,New York City,False,,['BVE-Reborn']
dtbartle,David Bartley,,,,,"San Francisco, CA",False,,[]
KevinCybura,Kevin Cybura,,,@SimpleBet ,,New York City,False,,['BVE-Reborn']
deafgoat,Wisdom Omuya,deafgoat@gmail.com,,,,New York,False,,[]
jinxufei,just listen,,code and listen,Weshare,,beijing,False,,[]
kakts,Keita Akutsu,kakts.git@gmail.com,,Cyberagent.inc,http://kakts-tec.hatenablog.com/,"Tokyo, Japan",False,,[]
cramaechi,Chibuikem Amaechi,cramaechi@gmail.com,I think abstract.,,,"Houston, Texas",False,,[]
cramaechi,Chibuikem Amaechi,cramaechi@gmail.com,I think abstract.,,,"Houston, Texas",False,,[]
cramaechi,Chibuikem Amaechi,cramaechi@gmail.com,I think abstract.,,,"Houston, Texas",False,,[]
cramaechi,Chibuikem Amaechi,cramaechi@gmail.com,I think abstract.,,,"Houston, Texas",False,,[]
cramaechi,Chibuikem Amaechi,cramaechi@gmail.com,I think abstract.,,,"Houston, Texas",False,,[]
cramaechi,Chibuikem Amaechi,cramaechi@gmail.com,I think abstract.,,,"Houston, Texas",False,,[]
cramaechi,Chibuikem Amaechi,cramaechi@gmail.com,I think abstract.,,,"Houston, Texas",False,,[]
kakts,Keita Akutsu,kakts.git@gmail.com,,Cyberagent.inc,http://kakts-tec.hatenablog.com/,"Tokyo, Japan",False,,[]
cramaechi,Chibuikem Amaechi,cramaechi@gmail.com,I think abstract.,,,"Houston, Texas",False,,[]
bmanojlovic,Boris Manojlovic,,"dd if=/dev/zero of=/dev/null bs=1M
",,http://steki.net/,"Belgrade, Serbia",False,,[]
sindbach,Wan Bachtiar,,,,https://stackoverflow.com/users/2934579,"Sydney, Australia",False,,[]
apocarteres,Alexander Paderin,apocarteres@gmail.com,dark coder,RuAds,https://ruads.org,"Russia, Moscow",False,,[]
apocarteres,Alexander Paderin,apocarteres@gmail.com,dark coder,RuAds,https://ruads.org,"Russia, Moscow",False,,[]
ebcagadas,Emmanuel Cagadas,,,,,"Quezon City, Philippines",False,,[]
sindbach,Wan Bachtiar,,,,https://stackoverflow.com/users/2934579,"Sydney, Australia",False,,[]
abrindeyev,Andrey Brindeyev,,,MongoDB,mongodb.com,"SF Bay Area, California",False,,[]
abrindeyev,Andrey Brindeyev,,,MongoDB,mongodb.com,"SF Bay Area, California",False,,[]
i80and,Andrew Aldridge,i80and@foxquill.com,,@mongodb,https://foxquill.com/,"Montclair, NJ",False,,"['alumNY', 'wolfbox']"
jimpallomeni,John Impallomeni,,I am just a sysadmin who is trying to use code to make my job easier.,,http://happysubnet.com,New Mexico,False,,[]
ksuarz,Kyle Suarez,,,Two Sigma,,New Jersey / New York,False,,['oss']
i80and,Andrew Aldridge,i80and@foxquill.com,,@mongodb,https://foxquill.com/,"Montclair, NJ",False,,"['alumNY', 'wolfbox']"
jelly,jelle van der Waa,jelle@vdwaa.nl,Arch Linux Developer,@Kopano-dev ,https://vdwaa.nl,NL,False,,"['Arch-Games', 'archlinux', 'revspace', 'neomutt', 'Kopano-dev']"
kevinAlbs,Kevin Albertson,,,,http://kevinalbs.com,"Hoboken, NJ",False,,"['InfoSeeking', 'ICT4SD']"
i80and,Andrew Aldridge,i80and@foxquill.com,,@mongodb,https://foxquill.com/,"Montclair, NJ",False,,"['alumNY', 'wolfbox']"
a-h,Adrian Hesketh,,,,http://adrianhesketh.com,"Leeds, UK",False,,[]
bdbaddog,William Deegan,bill@baddogconsulting.com,"Software consultant providing build and test automation, web and mobile app development.   Buildbot BotHerder  (management board), and Co-Manager SCons Project",,http://baddogconsulting.com,127.0.0.1,False,,['buildbot']
saracmert,Mert Sarac,,,Switch Database,https://www.switchdatabase.com/,"Istanbul, Turkey",False,,[]
tupans,Go olive juice,,,Go Olive Juice,capricecares.com,San Diergo,False,,[]
sindbach,Wan Bachtiar,,,,https://stackoverflow.com/users/2934579,"Sydney, Australia",False,,[]
derickr,Derick Rethans,github@derickrethans.nl,,,https://derickrethans.nl,"London, England",False,,['zetacomponents']
bdbaddog,William Deegan,bill@baddogconsulting.com,"Software consultant providing build and test automation, web and mobile app development.   Buildbot BotHerder  (management board), and Co-Manager SCons Project",,http://baddogconsulting.com,127.0.0.1,False,,['buildbot']
asya999,Asya Kamsky,asya@kamsky.org,,@mongodb ,,"New York, NY",False,,['10gen']
derickr,Derick Rethans,github@derickrethans.nl,,,https://derickrethans.nl,"London, England",False,,['zetacomponents']
brucehappy,Bruce Duncan,,,Rassilon LLC,,United States,False,,['ResearchKit']
sam-pf,Sam PF,,,,,"CA, USA",False,,[]
solodon4,Yuriy Solodkyy,,“Why join the navy if you can be a pirate?”,Microsoft,http://parasol.tamu.edu/~yuriys/,"Seattle, WA",False,,[]
braz,Eoin Brazil,,,MongoDB Inc.,http://eoinbrazil.com,"Dublin, Ireland",False,,[]
zoonman,Philipp,philipp@zoonman.com,"Software Engineer. I am herding elephants, luring gophers, growing plants with beans, watching smiling whales, tuning secret knobs, running currents. ",@liverecord ,https://www.zoonman.com,"US, Boston",False,,['liverecord']
gormanb,Bernard Gorman,,,"MongoDB, Inc.",,"Dublin, Ireland",False,,[]
wolfkdy,wolfkdy,wolfkdy1989@gmail.com,,,,Shenzhen,False,,[]
villesau,Ville Saukkonen,,"Maintainer of @flow-typed , occasional contributor in many other JS projects.

http://fi.linkedin.com/in/villesaukkonen",@smartlyio ,https://twitter.com/SaukkonenVille,"Helsinki, Finland",False,,"['smartlyio', 'flow-typed']"
gormanb,Bernard Gorman,,,"MongoDB, Inc.",,"Dublin, Ireland",False,,[]
tattish,Attish,,,A1,,Germany,False,,[]
laudrup,Kasper Laudrup,,,,http://www.stacktrace.dk,Denmark,True,gabrielrussell,[]
kolisergej,Sergey,kolisergej@yandex.ru,,,,Saint-Petersburg,False,,[]
kolisergej,Sergey,kolisergej@yandex.ru,,,,Saint-Petersburg,False,,[]
kolisergej,Sergey,kolisergej@yandex.ru,,,,Saint-Petersburg,False,,[]
kolisergej,Sergey,kolisergej@yandex.ru,,,,Saint-Petersburg,False,,[]
guiguan,Guan Gui,root@guiguan.net,Engineering a smarter world,@SouthbankSoftware,http://www.guiguan.net,Melbourne,False,,['SouthbankSoftware']
kolisergej,Sergey,kolisergej@yandex.ru,,,,Saint-Petersburg,False,,[]
ghost,Deleted user,,"Hi, I'm @ghost! I take the place of user accounts that have been deleted.
:ghost:
",,,"Nothing to see here, move along.",False,,[]
hujinnvshi,ColorSnake,hujinnvshi@163.com,Hello !,,,China,False,,[]
nakulpathak3,Nakul Pathak,nakulpathak3008@gmail.com,"Software Engineer, Scribd.
Graduate of Software Engineering, University of Waterloo. 
Done 6 co-ops at Sigopt, Twitter, Apple, Shopify(2), and Oracle.",Scribd,http://nakulpathak.com,"Toronto, ON",False,,[]
jarod,Jarod Liu,liuyuanzhi@gmail.com,,https://www.xinyu100.com/,http://stackoverflow.com/users/86756/jarod,Guangzhou,False,,[]
benjaminmurphy,Benjamin Murphy,ben@benjaminmurphy.me,"I'm a student, engineer, and aspiring lawyer based out of Providence, RI. I love coffee, photography, and solving tough problems.",,http://www.benjaminmurphy.me,"Providence, Rhode Island",False,,[]
amcgregor,Alice Zoë Bevan–McGregor,amcgregor@cegid.com,,CEGID,http://www.cegid.com/us/,"Montréal, Québec, Canada",False,,"['marrow', 'illico']"
yjhjstz,Jianghua.yjh,yjhjstz@gmail.com,@didi,DiDi,http://mysql.taobao.org,"Hangzhou, China",False,,[]
shortdudey123,Grant Ridder,,Ops Engineer,,https://www.linkedin.com/in/grantridder,https://twitter.com/shortdudey123,False,,"['python-diamond', 'sous-chefs']"
yjhjstz,Jianghua.yjh,yjhjstz@gmail.com,@didi,DiDi,http://mysql.taobao.org,"Hangzhou, China",False,,[]
nathantypanski,Nathan Typanski,,,,https://nathantypanski.com,USA,False,,['cnulug']
drags,Tim Sogard,,,,http://tso.gr,SF,False,,[]
asya999,Asya Kamsky,asya@kamsky.org,,@mongodb ,,"New York, NY",False,,['10gen']
zydcom,ZhangYoudong,zyd_com@126.com,software developer focusing on distributed storage and database,Alibaba Cloud,http://yunnotes.net,Hangzhou,False,,['taobao']
ebroder,Evan Broder,evan@ebroder.net,,,http://ebroder.net,"San Francisco, CA",False,,['deathandmayhem']
benjaminmurphy,Benjamin Murphy,ben@benjaminmurphy.me,"I'm a student, engineer, and aspiring lawyer based out of Providence, RI. I love coffee, photography, and solving tough problems.",,http://www.benjaminmurphy.me,"Providence, Rhode Island",False,,[]
kevinAlbs,Kevin Albertson,,,,http://kevinalbs.com,"Hoboken, NJ",False,,"['InfoSeeking', 'ICT4SD']"
benmccann,Ben McCann,,"Tech entrepreneur and open source contributor to Tablesaw, Chart.js, and Play Framework projects",,http://www.benmccann.com,California,False,,[]
avindra,Avindra Goolcharan,,"Creative programmer. I enjoy linux, free software, the Internet and physics. Currently employed in infrastructure engineering.",,https://avindra.github.io/,Earth,False,,['Pivotal-Field-Engineering']
joannac-,,,,,,Australia,False,,[]
lstwzd,leo,,,,,chengdu,False,,[]
benjaminmurphy,Benjamin Murphy,ben@benjaminmurphy.me,"I'm a student, engineer, and aspiring lawyer based out of Providence, RI. I love coffee, photography, and solving tough problems.",,http://www.benjaminmurphy.me,"Providence, Rhode Island",False,,[]
mwhudson,Michael Hudson-Doyle,micahel@gmail.com,I do Go and Ubuntu related things for Canonical.,@CanonicalLtd,,"Wellington, NZ",False,,['jenkinsci']
dgottlieb,Daniel Gottlieb,,,MongoDB,,New York,True,GeertBosch,"['10gen', 'mongodb', 'fiesta']"
todvora,Tomas Dvorak,todvora@gmail.com,"Software Developer (Java, Node.js, MongoDB, security), who loves travelling and sports (skiing, running, climbing). Also vegan and passionate reader.",,https://www.tomas-dvorak.cz,"Salzburg, Austria",False,,['stolencars']
zydcom,ZhangYoudong,zyd_com@126.com,software developer focusing on distributed storage and database,Alibaba Cloud,http://yunnotes.net,Hangzhou,False,,['taobao']
zydcom,ZhangYoudong,zyd_com@126.com,software developer focusing on distributed storage and database,Alibaba Cloud,http://yunnotes.net,Hangzhou,False,,['taobao']
zydcom,ZhangYoudong,zyd_com@126.com,software developer focusing on distributed storage and database,Alibaba Cloud,http://yunnotes.net,Hangzhou,False,,['taobao']
jigfox,Jens Fahnenbruck,jigfox@me.com,,@inovex ,,"Germany, Meerbusch",False,,['inovex']
TBoonX,Kurt Junghanns,,,Institut für Angewandte Informatik e. V.,http://aksw.org/KurtJunghanns.html,Deutschland,False,,['slidewiki']
megawac,Graeme Yeates,yeatesgraeme@gmail.com,✌๏.๏✌ ,Clearpath Robotics,,"Waterloo, Ontario",False,,"['documentcloud', 'marionettejs', 'jsdelivr', 'fivehourshower']"
gef756,Gabe Fernando,,,,,"New York, NY, USA",False,,[]
benjaminmurphy,Benjamin Murphy,ben@benjaminmurphy.me,"I'm a student, engineer, and aspiring lawyer based out of Providence, RI. I love coffee, photography, and solving tough problems.",,http://www.benjaminmurphy.me,"Providence, Rhode Island",False,,[]
soullivaneuh,Sullivan SENECHAL,,,Nexylan,https://keybase.io/soullivaneuh,"Lille, France",False,,"['sonata-project', 'nexylan', 'news-connect', 'dockervan']"
soullivaneuh,Sullivan SENECHAL,,,Nexylan,https://keybase.io/soullivaneuh,"Lille, France",False,,"['sonata-project', 'nexylan', 'news-connect', 'dockervan']"
soullivaneuh,Sullivan SENECHAL,,,Nexylan,https://keybase.io/soullivaneuh,"Lille, France",False,,"['sonata-project', 'nexylan', 'news-connect', 'dockervan']"
vkuznet,Valentin Kuznetsov,,,Cornell University,,"Ithaca, NY",False,,[]
vkuznet,Valentin Kuznetsov,,,Cornell University,,"Ithaca, NY",False,,[]
brauliobo,Bráulio Bhavamitra,brauliobo@gmail.com,,@olery ,http://cirandas.net/brauliobo,"Bahia, Brazil",False,,"['olery', 'opener-project']"
buhiirekeneth,Buhiire Keneth,kbuhiire@outlook.com,,CloudBoost,,Kampala,False,,[]
kumasento,Ruizhe Zhao,,"BSc Peking University (2012);
MRes (2016) and PhD student (2017)  Imperial College London;
FPGA, Deep Learning, Programming Languages",Imperial College London,,London,False,,"['custom-computing-ic', 'corerain']"
ksuarz,Kyle Suarez,,,Two Sigma,,New Jersey / New York,False,,['oss']
i80and,Andrew Aldridge,i80and@foxquill.com,,@mongodb,https://foxquill.com/,"Montclair, NJ",False,,"['alumNY', 'wolfbox']"
ssxenon01,Gundsambuu,ssxenon01@gmail.com,,shoppy,https://shoppy.mn,Mongolia,False,,[]
salessandri,Santiago Alessandri,san.lt.ss@gmail.com,,ThousandEyes Inc.,https://blog.san-ss.com.ar,San Francisco,False,,[]
ksuarz,Kyle Suarez,,,Two Sigma,,New Jersey / New York,False,,['oss']
ksuarz,Kyle Suarez,,,Two Sigma,,New Jersey / New York,False,,['oss']
anuphalarnkar,Anup Halarnkar,,,,,"Goa, India",False,,[]
ksuarz,Kyle Suarez,,,Two Sigma,,New Jersey / New York,True,dalyd,['oss']
thecalvinchan,Calvin Chan,,currently @airswap. previously @skillshare/@mongodb. alumni @ucla/@hackny/@joininteract,@airswap ,http://thecalvinchan.com,"New York, NY",False,,[]
thecalvinchan,Calvin Chan,,currently @airswap. previously @skillshare/@mongodb. alumni @ucla/@hackny/@joininteract,@airswap ,http://thecalvinchan.com,"New York, NY",False,,[]
thecalvinchan,Calvin Chan,,currently @airswap. previously @skillshare/@mongodb. alumni @ucla/@hackny/@joininteract,@airswap ,http://thecalvinchan.com,"New York, NY",False,,[]
i80and,Andrew Aldridge,i80and@foxquill.com,,@mongodb,https://foxquill.com/,"Montclair, NJ",False,,"['alumNY', 'wolfbox']"
christkv,Christian Amor Kvalheim,,,10Gen.com,http://www.christiankvalheim.com,"Barcelona, Spain",False,,[]
j-delaney,J Delaney,j.delaney.sd@gmail.com,,@stripe ,https://twitter.com/CtrlShiftJ,"San Francisco, CA",False,,[]
j-delaney,J Delaney,j.delaney.sd@gmail.com,,@stripe ,https://twitter.com/CtrlShiftJ,"San Francisco, CA",False,,[]
j-delaney,J Delaney,j.delaney.sd@gmail.com,,@stripe ,https://twitter.com/CtrlShiftJ,"San Francisco, CA",False,,[]
j-delaney,J Delaney,j.delaney.sd@gmail.com,,@stripe ,https://twitter.com/CtrlShiftJ,"San Francisco, CA",False,,[]
j-delaney,J Delaney,j.delaney.sd@gmail.com,,@stripe ,https://twitter.com/CtrlShiftJ,"San Francisco, CA",False,,[]
adamchel,Adam Chelminski,,Software Engineer at MongoDB/Realm,@mongodb ,,"Copenhagen, Denmark",False,,[]
j-delaney,J Delaney,j.delaney.sd@gmail.com,,@stripe ,https://twitter.com/CtrlShiftJ,"San Francisco, CA",False,,[]
dutchakdev,Roman Dutchak,,R&D at @newageio ,@newageio ,https://blog.dutchak.io/,Kyiv,False,,"['Delta3system', 'aggregable', 'fastfred', 'newageio', 'dash0x']"
j-delaney,J Delaney,j.delaney.sd@gmail.com,,@stripe ,https://twitter.com/CtrlShiftJ,"San Francisco, CA",False,,[]
blowhacker,navin,n@vain.in,,,n.vain.in,london,False,,[]
devkev,Kevin Pulo,,,,http://www.kev.pulo.com.au/,"Sydney, Australia",False,,[]
lissom,Charlie Page,,,,,New York City,False,,[]
upendrag,Upendra Govindagowda,upendrag.gowda@gmail.com,,,,"Dallas, TX, United States",False,,[]
j-delaney,J Delaney,j.delaney.sd@gmail.com,,@stripe ,https://twitter.com/CtrlShiftJ,"San Francisco, CA",False,,[]
kangic,Kang In Cheol,kangic21@gmail.com,,NAVER,,"Bundang, South Korea",False,,[]
bwzhang,Brandon Zhang,bwzhang@gmail.com,,@asana,bwzhang.github.io,"San Francisco, CA",False,,[]
coollog,Q Chen,qingyang.chen@gmail.com,Java on Kubernetes developer experience. Created Jib. Now working on self-driving cars.,,http://coollog.me,"Mountain View, CA",False,,['yalebulldogbots']
coollog,Q Chen,qingyang.chen@gmail.com,Java on Kubernetes developer experience. Created Jib. Now working on self-driving cars.,,http://coollog.me,"Mountain View, CA",False,,['yalebulldogbots']
upendrag,Upendra Govindagowda,upendrag.gowda@gmail.com,,,,"Dallas, TX, United States",False,,[]
coollog,Q Chen,qingyang.chen@gmail.com,Java on Kubernetes developer experience. Created Jib. Now working on self-driving cars.,,http://coollog.me,"Mountain View, CA",False,,['yalebulldogbots']
coollog,Q Chen,qingyang.chen@gmail.com,Java on Kubernetes developer experience. Created Jib. Now working on self-driving cars.,,http://coollog.me,"Mountain View, CA",False,,['yalebulldogbots']
coollog,Q Chen,qingyang.chen@gmail.com,Java on Kubernetes developer experience. Created Jib. Now working on self-driving cars.,,http://coollog.me,"Mountain View, CA",False,,['yalebulldogbots']
kevinAlbs,Kevin Albertson,,,,http://kevinalbs.com,"Hoboken, NJ",False,,"['InfoSeeking', 'ICT4SD']"
coollog,Q Chen,qingyang.chen@gmail.com,Java on Kubernetes developer experience. Created Jib. Now working on self-driving cars.,,http://coollog.me,"Mountain View, CA",False,,['yalebulldogbots']
kevinAlbs,Kevin Albertson,,,,http://kevinalbs.com,"Hoboken, NJ",False,,"['InfoSeeking', 'ICT4SD']"
coollog,Q Chen,qingyang.chen@gmail.com,Java on Kubernetes developer experience. Created Jib. Now working on self-driving cars.,,http://coollog.me,"Mountain View, CA",False,,['yalebulldogbots']
kevinAlbs,Kevin Albertson,,,,http://kevinalbs.com,"Hoboken, NJ",False,,"['InfoSeeking', 'ICT4SD']"
mpobrien,mike o'brien,mpobrien005@gmail.com,,,https://www.mpobrien.club/,"New York, NY",False,,"['10gen', 'mongodb']"
coollog,Q Chen,qingyang.chen@gmail.com,Java on Kubernetes developer experience. Created Jib. Now working on self-driving cars.,,http://coollog.me,"Mountain View, CA",False,,['yalebulldogbots']
coollog,Q Chen,qingyang.chen@gmail.com,Java on Kubernetes developer experience. Created Jib. Now working on self-driving cars.,,http://coollog.me,"Mountain View, CA",False,,['yalebulldogbots']
coollog,Q Chen,qingyang.chen@gmail.com,Java on Kubernetes developer experience. Created Jib. Now working on self-driving cars.,,http://coollog.me,"Mountain View, CA",False,,['yalebulldogbots']
amidvidy,Adam Midvidy,amidvidy@gmail.com,,,,NYC,False,,[]
devkev,Kevin Pulo,,,,http://www.kev.pulo.com.au/,"Sydney, Australia",False,,[]
mpobrien,mike o'brien,mpobrien005@gmail.com,,,https://www.mpobrien.club/,"New York, NY",False,,"['10gen', 'mongodb']"
devkev,Kevin Pulo,,,,http://www.kev.pulo.com.au/,"Sydney, Australia",False,,[]
devkev,Kevin Pulo,,,,http://www.kev.pulo.com.au/,"Sydney, Australia",False,,[]
gianpaj,Gianfrancø Palumbo,hi@gian.xyz,"Software developer and co-founder of Onova – Mobile marketplace of Ukrainian brands.
Download it on your iPhone or Android today.

Living in Ukraine 🇺🇦",Onova,https://onova.co,"Lviv, Ukraine",False,,[]
mpobrien,mike o'brien,mpobrien005@gmail.com,,,https://www.mpobrien.club/,"New York, NY",False,,"['10gen', 'mongodb']"
mpobrien,mike o'brien,mpobrien005@gmail.com,,,https://www.mpobrien.club/,"New York, NY",False,,"['10gen', 'mongodb']"
mpobrien,mike o'brien,mpobrien005@gmail.com,,,https://www.mpobrien.club/,"New York, NY",False,,"['10gen', 'mongodb']"
daveh86,David Hows,,,MongoDB,,Sydney,False,,[]
mpobrien,mike o'brien,mpobrien005@gmail.com,,,https://www.mpobrien.club/,"New York, NY",False,,"['10gen', 'mongodb']"
netflash,Alex Romanov,alex@strataconsulting.com,,Strata Consulting,https://www.strataconsulting.com/,"Syndey, NSW, Australia",False,,"['milt-cookbooks', 'milcom', 'peartherapeutics', 'strataconsulting']"
cesarizu,César Izurieta,cesar@caih.org,,CAIH,http://caih.org,"Quito, Ecuador",False,,[]
dannyfallon,Danny Fallon,,"Building product @intercom in London, formerly Dublin. ",Intercom,,"London, United Kingdom",False,,['intercom']
ParadoxMeltdown,Jan,jan.gabriel.ona@gmail.com,,,,"Toronto, Canada",False,,[]
adkomyagin,Alex Komyagin,,,10gen,,NYC,False,,[]
ghost,Deleted user,,"Hi, I'm @ghost! I take the place of user accounts that have been deleted.
:ghost:
",,,"Nothing to see here, move along.",False,,[]
adkomyagin,Alex Komyagin,,,10gen,,NYC,False,,[]
guoyr,Robert Guo,,,MongoDB,,New York City,False,,[]
guoyr,Robert Guo,,,MongoDB,,New York City,False,,[]
mpobrien,mike o'brien,mpobrien005@gmail.com,,,https://www.mpobrien.club/,"New York, NY",False,,"['10gen', 'mongodb']"
dandv,Dan Dascalescu,ddascalescu+github@gmail.com,"Building @cryptoclimate. Ex-@google, Yahoo!, @blueseed. Founded the Quantified Self Forum and 3 web startups.","Ex-Google, Blueseed, Yahoo!",https://dandascalescu.com/,Digital nomad,False,,"['component', 'oortcloud', 'mojomojo', 'meteorhacks', 'ephemerisle', 'Wylio', 'MeteorCommunity', 'typhonjs-node-tjsdoc']"
ghost,Deleted user,,"Hi, I'm @ghost! I take the place of user accounts that have been deleted.
:ghost:
",,,"Nothing to see here, move along.",False,,[]
ghost,Deleted user,,"Hi, I'm @ghost! I take the place of user accounts that have been deleted.
:ghost:
",,,"Nothing to see here, move along.",False,,[]
gevorgvoskanyan,Gevorg Voskanyan,,,,http://www.linkedin.com/in/gevorgvoskanyan/,Armenia,False,,[]
ghost,Deleted user,,"Hi, I'm @ghost! I take the place of user accounts that have been deleted.
:ghost:
",,,"Nothing to see here, move along.",False,,[]
jameswahlin,James Wahlin,,,MongoDB Inc,,New York,False,,[]
jameswahlin,James Wahlin,,,MongoDB Inc,,New York,False,,[]
jameswahlin,James Wahlin,,,MongoDB Inc,,New York,False,,[]
randomite,Ravin Sardal,ravin.sardal@gmail.com,Fullstack Developer. Bring it on.,,http://www.ravinsardal.me,United States,False,,['code-for-india']
ghost,Deleted user,,"Hi, I'm @ghost! I take the place of user accounts that have been deleted.
:ghost:
",,,"Nothing to see here, move along.",False,,[]
sanran4u,Sanjeev Ranjan,sanjeev.ranjan@outlook.com,I am a Database Solution Engineer working all the way from hardware to the software layer,Dell R&D,,India,False,,[]
jameswahlin,James Wahlin,,,MongoDB Inc,,New York,False,,[]
fdoray,François Doray,,,,,Canada,False,,[]
krishnanm86,Krishna Narasimhan,krishna.nm86@gmail.com,"IT Consultant at Itemis AG working on language engineering, Researcher Scholar and PhD graduate from Frankfurt University.",Itemis AG,http://dblp.uni-trier.de/pers/hd/n/Narasimhan:Krishna,Stuttgart,False,,[]
krishnanm86,Krishna Narasimhan,krishna.nm86@gmail.com,"IT Consultant at Itemis AG working on language engineering, Researcher Scholar and PhD graduate from Frankfurt University.",Itemis AG,http://dblp.uni-trier.de/pers/hd/n/Narasimhan:Krishna,Stuttgart,False,,[]
rueckstiess,Thomas Rückstieß,,,MongoDB @mongodb-js ,,"Sydney, Australia",False,,['mongodb-js']
mpobrien,mike o'brien,mpobrien005@gmail.com,,,https://www.mpobrien.club/,"New York, NY",False,,"['10gen', 'mongodb']"
jameswahlin,James Wahlin,,,MongoDB Inc,,New York,False,,[]
tgrall,Tugdual Grall,,,Red Hat,http://tgrall.github.io/,"Nantes, France",False,,['NantesJUG']
alabid,Daniel Alabi,,,,http://alabidan.me,"Cambridge, MA",False,,"['wigginslab', 'alumNY', 'CarletonDevX', 'CarlTour']"
HuJingwei,echo,a479540195@gmail.com,,@ATNIO ,,shanghai,False,,[]
jrbalsano,Jonathan Balsano,jrbalsano@gmail.com,,,jrbalsano.com,"New York, NY",False,,['Columbia-OpenAcademy']
alabid,Daniel Alabi,,,,http://alabidan.me,"Cambridge, MA",False,,"['wigginslab', 'alumNY', 'CarletonDevX', 'CarlTour']"
mpobrien,mike o'brien,mpobrien005@gmail.com,,,https://www.mpobrien.club/,"New York, NY",False,,"['10gen', 'mongodb']"
gevorgvoskanyan,Gevorg Voskanyan,,,,http://www.linkedin.com/in/gevorgvoskanyan/,Armenia,False,,[]
jrbalsano,Jonathan Balsano,jrbalsano@gmail.com,,,jrbalsano.com,"New York, NY",False,,['Columbia-OpenAcademy']
alabid,Daniel Alabi,,,,http://alabidan.me,"Cambridge, MA",False,,"['wigginslab', 'alumNY', 'CarletonDevX', 'CarlTour']"
jrbalsano,Jonathan Balsano,jrbalsano@gmail.com,,,jrbalsano.com,"New York, NY",False,,['Columbia-OpenAcademy']
alabid,Daniel Alabi,,,,http://alabidan.me,"Cambridge, MA",False,,"['wigginslab', 'alumNY', 'CarletonDevX', 'CarlTour']"
alabid,Daniel Alabi,,,,http://alabidan.me,"Cambridge, MA",False,,"['wigginslab', 'alumNY', 'CarletonDevX', 'CarlTour']"
alabid,Daniel Alabi,,,,http://alabidan.me,"Cambridge, MA",False,,"['wigginslab', 'alumNY', 'CarletonDevX', 'CarlTour']"
alabid,Daniel Alabi,,,,http://alabidan.me,"Cambridge, MA",False,,"['wigginslab', 'alumNY', 'CarletonDevX', 'CarlTour']"
jrbalsano,Jonathan Balsano,jrbalsano@gmail.com,,,jrbalsano.com,"New York, NY",False,,['Columbia-OpenAcademy']
pracj3am,Jan Prachař,,,,http://www.prachar.eu,Praha,False,,"['testomato', 'wikidi']"
alabid,Daniel Alabi,,,,http://alabidan.me,"Cambridge, MA",False,,"['wigginslab', 'alumNY', 'CarletonDevX', 'CarlTour']"
daveh86,David Hows,,,MongoDB,,Sydney,False,,[]
alabid,Daniel Alabi,,,,http://alabidan.me,"Cambridge, MA",False,,"['wigginslab', 'alumNY', 'CarletonDevX', 'CarlTour']"
akira-kurogane,Akira Kurogane,,,,,Tokyo,False,,[]
akira-kurogane,Akira Kurogane,,,,,Tokyo,False,,[]
jtyr,Jiri Tyr,,Linux System Automation Engineer,,https://jtyr.io,"London, UK",False,,[]
alabid,Daniel Alabi,,,,http://alabidan.me,"Cambridge, MA",False,,"['wigginslab', 'alumNY', 'CarletonDevX', 'CarlTour']"
yanguango,Guang Yang,,,,,Seattle,False,,[]
amidvidy,Adam Midvidy,amidvidy@gmail.com,,,,NYC,False,,[]
gabrielrussell,Gabriel Russell,,,mongoDB,,"New York, ny",False,,[]
changyy,Yuan-Yi Chang,,,,http://blog.changyy.org,Taipei,False,,[]
changyy,Yuan-Yi Chang,,,,http://blog.changyy.org,Taipei,False,,[]
3rf,Kyle Erf,contact@kyleerf.com,Video game developer in NYC. Ex-Google. Ex-MongoDB. Former Golang expert. I have no idea why 600 people follow me on here.,Moving Pieces,www.kyleerf.com,New York City,False,,[]
amidvidy,Adam Midvidy,amidvidy@gmail.com,,,,NYC,False,,[]
alabid,Daniel Alabi,,,,http://alabidan.me,"Cambridge, MA",False,,"['wigginslab', 'alumNY', 'CarletonDevX', 'CarlTour']"
mpobrien,mike o'brien,mpobrien005@gmail.com,,,https://www.mpobrien.club/,"New York, NY",False,,"['10gen', 'mongodb']"
asya999,Asya Kamsky,asya@kamsky.org,,@mongodb ,,"New York, NY",False,,['10gen']
daveh86,David Hows,,,MongoDB,,Sydney,False,,[]
guoyr,Robert Guo,,,MongoDB,,New York City,False,,[]
daveh86,David Hows,,,MongoDB,,Sydney,False,,[]
behackett,Bernie Hackett,,"Director of Engineering, Drivers and Server Tools at MongoDB","MongoDB, Inc.",,"Palo Alto, CA",False,,"['10gen', 'mongodb']"
mpobrien,mike o'brien,mpobrien005@gmail.com,,,https://www.mpobrien.club/,"New York, NY",False,,"['10gen', 'mongodb']"
amidvidy,Adam Midvidy,amidvidy@gmail.com,,,,NYC,False,,[]
amidvidy,Adam Midvidy,amidvidy@gmail.com,,,,NYC,False,,[]
amidvidy,Adam Midvidy,amidvidy@gmail.com,,,,NYC,False,,[]
amidvidy,Adam Midvidy,amidvidy@gmail.com,,,,NYC,False,,[]
amidvidy,Adam Midvidy,amidvidy@gmail.com,,,,NYC,False,,[]
amidvidy,Adam Midvidy,amidvidy@gmail.com,,,,NYC,False,,[]
llvtt,Luke Lovett,,,RaiseMe,,"San Francisco, CA",False,,[]
esmet,John Esmet,,,@AppNexus,,New York,False,,[]
kangas,Matt Kangas,,"Builder of software and teams. Father, husband, maker. Occasional woodworker, motorcyclist, homebrewer.",@MacmillanPlatform ,https://twitter.com/mattkangas,"Hastings on Hudson, NY",False,,['MacmillanPlatform']
esmet,John Esmet,,,@AppNexus,,New York,False,,[]
stephenwlin,Stephen W Lin,,,,,"New York, NY",False,,[]
daveh86,David Hows,,,MongoDB,,Sydney,False,,[]
daveh86,David Hows,,,MongoDB,,Sydney,False,,[]
mpobrien,mike o'brien,mpobrien005@gmail.com,,,https://www.mpobrien.club/,"New York, NY",False,,"['10gen', 'mongodb']"
caosiyang,caosiyang,,,,caosiyang.github.io,Beijing,False,,[]
igorcanadi,Igor Canadi,igor.canadi@gmail.com,,Rockset,,San Francisco,False,,['rockset']
esmet,John Esmet,,,@AppNexus,,New York,False,,[]
esmet,John Esmet,,,@AppNexus,,New York,False,,[]
jmikola,Jeremy Mikola,jmikola@gmail.com,,MongoDB,http://jmikola.net,"Hoboken, NJ",False,,"['10gen', 'mongodb', 'doctrine', 'FriendsOfSymfony', 'reactphp']"
esmet,John Esmet,,,@AppNexus,,New York,False,,[]
daveh86,David Hows,,,MongoDB,,Sydney,False,,[]
daveh86,David Hows,,,MongoDB,,Sydney,False,,[]
jeorfevre,Jean-Emmanuel Orfevre,,Digital Factory Director,Galeries Lafayette,https://www.groupegalerieslafayette.fr/,Paris ,False,,[]
mpobrien,mike o'brien,mpobrien005@gmail.com,,,https://www.mpobrien.club/,"New York, NY",False,,"['10gen', 'mongodb']"
esmet,John Esmet,,,@AppNexus,,New York,False,,[]
esmet,John Esmet,,,@AppNexus,,New York,False,,[]
esmet,John Esmet,,,@AppNexus,,New York,False,,[]
daveh86,David Hows,,,MongoDB,,Sydney,False,,[]
3rf,Kyle Erf,contact@kyleerf.com,Video game developer in NYC. Ex-Google. Ex-MongoDB. Former Golang expert. I have no idea why 600 people follow me on here.,Moving Pieces,www.kyleerf.com,New York City,False,,[]
alvinr,Alvin Richards,alvin.richards@mac.com,Who know? Like to fiddle around in open source...,RedisLabs Inc.,,California,False,,[]
alvinr,Alvin Richards,alvin.richards@mac.com,Who know? Like to fiddle around in open source...,RedisLabs Inc.,,California,False,,[]
mpobrien,mike o'brien,mpobrien005@gmail.com,,,https://www.mpobrien.club/,"New York, NY",False,,"['10gen', 'mongodb']"
mpobrien,mike o'brien,mpobrien005@gmail.com,,,https://www.mpobrien.club/,"New York, NY",False,,"['10gen', 'mongodb']"
erlichson,Andrew Erlichson,,,10gen,http://www.10gen.com,NYC,False,,[]
justincase,Justin Case,,"Where is, repeat, where is Task Force Thirty Four? The world wonders.",Digidentity,https://twitter.com/#!/justincase,"Netherlands, The",False,,[]
deafgoat,Wisdom Omuya,deafgoat@gmail.com,,,,New York,False,,[]
mpobrien,mike o'brien,mpobrien005@gmail.com,,,https://www.mpobrien.club/,"New York, NY",False,,"['10gen', 'mongodb']"
mpobrien,mike o'brien,mpobrien005@gmail.com,,,https://www.mpobrien.club/,"New York, NY",False,,"['10gen', 'mongodb']"
Michael-karn-ivanov,Michael Ivanov,,,Skype,,Tallinn,False,,[]
daveh86,David Hows,,,MongoDB,,Sydney,False,,[]
mwhudson,Michael Hudson-Doyle,micahel@gmail.com,I do Go and Ubuntu related things for Canonical.,@CanonicalLtd,,"Wellington, NZ",False,,['jenkinsci']
amidvidy,Adam Midvidy,amidvidy@gmail.com,,,,NYC,False,,[]
amidvidy,Adam Midvidy,amidvidy@gmail.com,,,,NYC,False,,[]
amidvidy,Adam Midvidy,amidvidy@gmail.com,,,,NYC,False,,[]
jfigueroagama,Josue Fidel Figueroa Gama,jfigueroagama@redesvozdatos.com,,,,Mexico City,False,,[]
jfigueroagama,Josue Fidel Figueroa Gama,jfigueroagama@redesvozdatos.com,,,,Mexico City,False,,[]
alvinr,Alvin Richards,alvin.richards@mac.com,Who know? Like to fiddle around in open source...,RedisLabs Inc.,,California,False,,[]
amidvidy,Adam Midvidy,amidvidy@gmail.com,,,,NYC,False,,[]
Michael-karn-ivanov,Michael Ivanov,,,Skype,,Tallinn,False,,[]
Michael-karn-ivanov,Michael Ivanov,,,Skype,,Tallinn,False,,[]
vkarpov15,Valeri Karpov,val@karpov.io,"Web developer, blogger, author",Booster Fuels,http://www.thecodebarbarian.com,"Miami Beach, FL",False,,"['karma-runner', 'mochajs', 'mongodb-js', 'boosterfuels']"
igorcanadi,Igor Canadi,igor.canadi@gmail.com,,Rockset,,San Francisco,False,,['rockset']
Michael-karn-ivanov,Michael Ivanov,,,Skype,,Tallinn,False,,[]
agorrod,Alex Gorrod,,,WiredTiger,,"Sydney, Australia",False,,['wiredtiger']
ghost,Deleted user,,"Hi, I'm @ghost! I take the place of user accounts that have been deleted.
:ghost:
",,,"Nothing to see here, move along.",False,,[]
Bloodevil,yeaji shin,,Make something to Delete anything.,nWay,http://www.bloodevil.com,korea,False,,['PyLadiesSeoul']
jbreams,Jonathan Reams,jbreams@gmail.com,“I don’t care about anything having to do with anything having to do with anything other than the country.”,"MongoDB, Inc.",twitter.com/jbreams,New York,False,,['mongodb']
tonygambone,Tony Gambone,tonygambone@gmail.com,"Formerly of Richmond, VA",Thycotic,,Somewhere in Colorado,False,,[]
amidvidy,Adam Midvidy,amidvidy@gmail.com,,,,NYC,False,,[]
enanox,Mathias Rodriguez,,,,,"Montevideo, Uruguay",False,,[]
amidvidy,Adam Midvidy,amidvidy@gmail.com,,,,NYC,False,,[]
amidvidy,Adam Midvidy,amidvidy@gmail.com,,,,NYC,False,,[]
szaydel,Sam Zaydel,szaydel@gmail.com,,RackTop Systems,http://racktopsystems.com,Moss Beach,False,,['racktopsystems']
ghost,Deleted user,,"Hi, I'm @ghost! I take the place of user accounts that have been deleted.
:ghost:
",,,"Nothing to see here, move along.",False,,[]
Mickael-van-der-Beek,Mickael van der Beek,,,Woorank,,"Brussels, Belgium",False,,['TeamLux']
amidvidy,Adam Midvidy,amidvidy@gmail.com,,,,NYC,False,,[]
jbreams,Jonathan Reams,jbreams@gmail.com,“I don’t care about anything having to do with anything having to do with anything other than the country.”,"MongoDB, Inc.",twitter.com/jbreams,New York,False,,['mongodb']
amidvidy,Adam Midvidy,amidvidy@gmail.com,,,,NYC,False,,[]
daveh86,David Hows,,,MongoDB,,Sydney,False,,[]
tsantero,Tom Santero,,,,https://tsantero.com,"Bayonne, NJ",False,,"['papers-we-love', 'formalmethodsnyc']"
mikemaccana,Mike MacCana,mike.maccana@gmail.com,"20 years of DevOps, back end, and front end. Now verifying companies for EV SSL/TLS at https://certsimple.com",CertSimple,,London,False,,[]
daveh86,David Hows,,,MongoDB,,Sydney,False,,[]
ghost,Deleted user,,"Hi, I'm @ghost! I take the place of user accounts that have been deleted.
:ghost:
",,,"Nothing to see here, move along.",False,,[]
amidvidy,Adam Midvidy,amidvidy@gmail.com,,,,NYC,False,,[]
jbreams,Jonathan Reams,jbreams@gmail.com,“I don’t care about anything having to do with anything having to do with anything other than the country.”,"MongoDB, Inc.",twitter.com/jbreams,New York,False,,['mongodb']
AntonioJuliano,Antonio Juliano,antonio.m.juliano@gmail.com,Founder of dYdX,dYdX,dydx.exchange,"San Francisco, CA",False,,['dydxprotocol']
jimoleary,Jim O'Leary,,,MongoDB Inc.,,Dublin,False,,[]
c0nrad,Stuart Larsen,,Staff Security Engineer,MongoDB,https://c0nrad.io,"New York, NY",False,,[]
mwmahlberg,Markus Mahlberg,,,,,"Cologne, Germany",False,,[]
amidvidy,Adam Midvidy,amidvidy@gmail.com,,,,NYC,False,,[]
ghost,Deleted user,,"Hi, I'm @ghost! I take the place of user accounts that have been deleted.
:ghost:
",,,"Nothing to see here, move along.",False,,[]
Bloodevil,yeaji shin,,Make something to Delete anything.,nWay,http://www.bloodevil.com,korea,False,,['PyLadiesSeoul']
justincase,Justin Case,,"Where is, repeat, where is Task Force Thirty Four? The world wonders.",Digidentity,https://twitter.com/#!/justincase,"Netherlands, The",False,,[]
nitinbhatt,Nitin Bhatt,bhatt_nitin@hotmail.com,,RSA,,"San Ramon, CA",False,,[]
kgorman,Kenny Gorman,kgorman@eventador.io,"Data nerd, Founder and CEO at Eventador.io.",Eventador Labs,http://www.eventador.io,"Austin, TX",False,,[]
rueckstiess,Thomas Rückstieß,,,MongoDB @mongodb-js ,,"Sydney, Australia",False,,['mongodb-js']
depressed-pho,PHO,pho@cielonegro.org,,,http://cielonegro.org/,"Kanagawa, Japan",False,,[]
mwhittaker,Michael Whittaker,,UC Berkeley grad student pursuing a PhD in distributed systems and databases.,,http://mwhittaker.github.io,"Berkeley, CA",False,,[]
henryzhangsta,Henry Zhang,me@henry.gg,,@Yelp ,,San Francisco Bay Area,False,,[]
itay,Itay Neeman,itay@neeman.net,,,pretzelwisdom.com,"Seattle, WA",False,,[]
dbmurphy,David Murphy,,,@percona ,,"Dublin,IE",False,,[]
daveh86,David Hows,,,MongoDB,,Sydney,False,,[]
daveh86,David Hows,,,MongoDB,,Sydney,False,,[]
daveh86,David Hows,,,MongoDB,,Sydney,False,,[]
daveh86,David Hows,,,MongoDB,,Sydney,False,,[]
daveh86,David Hows,,,MongoDB,,Sydney,False,,[]
daveh86,David Hows,,,MongoDB,,Sydney,False,,[]
ultrabug,Ultrabug,,,@Numberly,https://www.ultrabug.fr,"Paris, France",False,,['numberly']
daveh86,David Hows,,,MongoDB,,Sydney,False,,[]
daveh86,David Hows,,,MongoDB,,Sydney,False,,[]
daveh86,David Hows,,,MongoDB,,Sydney,False,,[]
jameswahlin,James Wahlin,,,MongoDB Inc,,New York,False,,[]
mwhudson,Michael Hudson-Doyle,micahel@gmail.com,I do Go and Ubuntu related things for Canonical.,@CanonicalLtd,,"Wellington, NZ",False,,['jenkinsci']
vkarpov15,Valeri Karpov,val@karpov.io,"Web developer, blogger, author",Booster Fuels,http://www.thecodebarbarian.com,"Miami Beach, FL",False,,"['karma-runner', 'mochajs', 'mongodb-js', 'boosterfuels']"
kedazo,David Kedves,david.kedves@borgcollective.eu,C++ software developer at @severalnines,Freelancer,,"Hungary, Pécs",False,,['severalnines']
wilkinson,Sean Wilkinson,,,Oak Ridge National Laboratory,http://seanwilkinson.info,"Knoxville, Tennessee",False,,"['imagejs', 's3db', 'kinome', 'ibl', 'qmachine']"
santoshbanda,santosh banda,,,Facebook,,Menlo Park,False,,[]
ghost,Deleted user,,"Hi, I'm @ghost! I take the place of user accounts that have been deleted.
:ghost:
",,,"Nothing to see here, move along.",False,,[]
santoshbanda,santosh banda,,,Facebook,,Menlo Park,False,,[]
santoshbanda,santosh banda,,,Facebook,,Menlo Park,False,,[]
ghost,Deleted user,,"Hi, I'm @ghost! I take the place of user accounts that have been deleted.
:ghost:
",,,"Nothing to see here, move along.",False,,[]
ghost,Deleted user,,"Hi, I'm @ghost! I take the place of user accounts that have been deleted.
:ghost:
",,,"Nothing to see here, move along.",False,,[]
qconner,Quentin Conner,,,,,"Austin, TX",False,,[]
deafgoat,Wisdom Omuya,deafgoat@gmail.com,,,,New York,False,,[]
deafgoat,Wisdom Omuya,deafgoat@gmail.com,,,,New York,False,,[]
wilkinson,Sean Wilkinson,,,Oak Ridge National Laboratory,http://seanwilkinson.info,"Knoxville, Tennessee",False,,"['imagejs', 's3db', 'kinome', 'ibl', 'qmachine']"
lissom,Charlie Page,,,,,New York City,False,,[]
gianpaj,Gianfrancø Palumbo,hi@gian.xyz,"Software developer and co-founder of Onova – Mobile marketplace of Ukrainian brands.
Download it on your iPhone or Android today.

Living in Ukraine 🇺🇦",Onova,https://onova.co,"Lviv, Ukraine",False,,[]
mpobrien,mike o'brien,mpobrien005@gmail.com,,,https://www.mpobrien.club/,"New York, NY",False,,"['10gen', 'mongodb']"
tychoish,Sam Kleinman,,,,http://www.tychoish.com,"New York, NY",False,,"['10gen', 'mongodb', 'cyborginstitute', 'evergreen-ci']"
asya999,Asya Kamsky,asya@kamsky.org,,@mongodb ,,"New York, NY",False,,['10gen']
visualzhou,Siyuan Zhou,visualzhou@gmail.com,,MongoDB,,New York,False,,[]
visualzhou,Siyuan Zhou,visualzhou@gmail.com,,MongoDB,,New York,False,,[]
jamesblackburn,James Blackburn,jamesblackburn@gmail.com,,Man Group,http://jbblackburn.com,"London, UK",False,,[]
tychoish,Sam Kleinman,,,,http://www.tychoish.com,"New York, NY",False,,"['10gen', 'mongodb', 'cyborginstitute', 'evergreen-ci']"
TylerBrock,Tyler Brock,tyler.brock@gmail.com,CTO at @Hustle,"Hustle, Inc.",https://tylerbrock.com,"San Francisco, CA",False,,['Hustle']
vkarpov15,Valeri Karpov,val@karpov.io,"Web developer, blogger, author",Booster Fuels,http://www.thecodebarbarian.com,"Miami Beach, FL",False,,"['karma-runner', 'mochajs', 'mongodb-js', 'boosterfuels']"
visualzhou,Siyuan Zhou,visualzhou@gmail.com,,MongoDB,,New York,False,,[]
visualzhou,Siyuan Zhou,visualzhou@gmail.com,,MongoDB,,New York,False,,[]
ccstolley,Colin Stolley,,,,,"Chicago, IL USA",False,,[]
visualzhou,Siyuan Zhou,visualzhou@gmail.com,,MongoDB,,New York,False,,[]
arthurdarcet,Arthur Darcet,arthur+github@darcet.fr,,Glose,,France,False,,"['BinetReseau', 'Glose']"
asya999,Asya Kamsky,asya@kamsky.org,,@mongodb ,,"New York, NY",False,,['10gen']
visualzhou,Siyuan Zhou,visualzhou@gmail.com,,MongoDB,,New York,False,,[]
exi,Reno Reckling,,,,,München,False,,[]
jameswahlin,James Wahlin,,,MongoDB Inc,,New York,False,,[]
visualzhou,Siyuan Zhou,visualzhou@gmail.com,,MongoDB,,New York,False,,[]
tychoish,Sam Kleinman,,,,http://www.tychoish.com,"New York, NY",False,,"['10gen', 'mongodb', 'cyborginstitute', 'evergreen-ci']"
jsbattig,Jose Sebastian Battig,jsbattig@gmail.com,,Ascentis,https://www.linkedin.com/in/sebabattig,"Montevideo, Uruguay",False,,[]
lissom,Charlie Page,,,,,New York City,False,,[]
jsbattig,Jose Sebastian Battig,jsbattig@gmail.com,,Ascentis,https://www.linkedin.com/in/sebabattig,"Montevideo, Uruguay",False,,[]
GitSullied,GuyHoozdis,,,"Phoenix Artistry, LLC.",http://about.me/GuyHoozdis,"Austin, TX",False,,[]
3rf,Kyle Erf,contact@kyleerf.com,Video game developer in NYC. Ex-Google. Ex-MongoDB. Former Golang expert. I have no idea why 600 people follow me on here.,Moving Pieces,www.kyleerf.com,New York City,False,,[]
jsbattig,Jose Sebastian Battig,jsbattig@gmail.com,,Ascentis,https://www.linkedin.com/in/sebabattig,"Montevideo, Uruguay",False,,[]
jsbattig,Jose Sebastian Battig,jsbattig@gmail.com,,Ascentis,https://www.linkedin.com/in/sebabattig,"Montevideo, Uruguay",False,,[]
ghost,Deleted user,,"Hi, I'm @ghost! I take the place of user accounts that have been deleted.
:ghost:
",,,"Nothing to see here, move along.",False,,[]
zhihuiFan,樊智辉,,,,,"Shanghai, China ",False,,[]
lufeng1102,lufeng,amuseme.lu@gmail.com,"Don't Grow Old, Grow Up.",aispeech,,"suzhou,jiangsu,china",False,,[]
mwhudson,Michael Hudson-Doyle,micahel@gmail.com,I do Go and Ubuntu related things for Canonical.,@CanonicalLtd,,"Wellington, NZ",False,,['jenkinsci']
mwhudson,Michael Hudson-Doyle,micahel@gmail.com,I do Go and Ubuntu related things for Canonical.,@CanonicalLtd,,"Wellington, NZ",False,,['jenkinsci']
mwhudson,Michael Hudson-Doyle,micahel@gmail.com,I do Go and Ubuntu related things for Canonical.,@CanonicalLtd,,"Wellington, NZ",False,,['jenkinsci']
ghost,Deleted user,,"Hi, I'm @ghost! I take the place of user accounts that have been deleted.
:ghost:
",,,"Nothing to see here, move along.",False,,[]
akira-kurogane,Akira Kurogane,,,,,Tokyo,False,,[]
dstorch,David Storch,,,MongoDB,,"New York, NY",False,,[]
dstorch,David Storch,,,MongoDB,,"New York, NY",False,,[]
dstorch,David Storch,,,MongoDB,,"New York, NY",False,,[]
dstorch,David Storch,,,MongoDB,,"New York, NY",False,,[]
dstorch,David Storch,,,MongoDB,,"New York, NY",False,,[]
dstorch,David Storch,,,MongoDB,,"New York, NY",False,,[]
dstorch,David Storch,,,MongoDB,,"New York, NY",False,,[]
christkv,Christian Amor Kvalheim,,,10Gen.com,http://www.christiankvalheim.com,"Barcelona, Spain",False,,[]
dstorch,David Storch,,,MongoDB,,"New York, NY",False,,[]
dstorch,David Storch,,,MongoDB,,"New York, NY",False,,[]
lissom,Charlie Page,,,,,New York City,False,,[]
dstorch,David Storch,,,MongoDB,,"New York, NY",False,,[]
dstorch,David Storch,,,MongoDB,,"New York, NY",False,,[]
akira-kurogane,Akira Kurogane,,,,,Tokyo,False,,[]
vkarpov15,Valeri Karpov,val@karpov.io,"Web developer, blogger, author",Booster Fuels,http://www.thecodebarbarian.com,"Miami Beach, FL",False,,"['karma-runner', 'mochajs', 'mongodb-js', 'boosterfuels']"
mwhudson,Michael Hudson-Doyle,micahel@gmail.com,I do Go and Ubuntu related things for Canonical.,@CanonicalLtd,,"Wellington, NZ",False,,['jenkinsci']
dstorch,David Storch,,,MongoDB,,"New York, NY",False,,[]
FrancescaK,Francesca Krihely,francesca@bowery.io,Developer Advocacy @MongoDB,MongoDB,,"New York, NY",False,,[]
rps,Rich Parrish,richparrishx@gmail.com,,,http://www.richparrish.com/,"San Francisco, CA",False,,[]
kgorman,Kenny Gorman,kgorman@eventador.io,"Data nerd, Founder and CEO at Eventador.io.",Eventador Labs,http://www.eventador.io,"Austin, TX",False,,[]
hawka,Amalia Hawkins,,,,,"New York, New York",False,,['PennAppsTeam']
hawka,Amalia Hawkins,,,,,"New York, New York",False,,['PennAppsTeam']
hawka,Amalia Hawkins,,,,,"New York, New York",False,,['PennAppsTeam']
hawka,Amalia Hawkins,,,,,"New York, New York",False,,['PennAppsTeam']
hawka,Amalia Hawkins,,,,,"New York, New York",False,,['PennAppsTeam']
rps,Rich Parrish,richparrishx@gmail.com,,,http://www.richparrish.com/,"San Francisco, CA",False,,[]
dstorch,David Storch,,,MongoDB,,"New York, NY",False,,[]
3rf,Kyle Erf,contact@kyleerf.com,Video game developer in NYC. Ex-Google. Ex-MongoDB. Former Golang expert. I have no idea why 600 people follow me on here.,Moving Pieces,www.kyleerf.com,New York City,False,,[]
hawka,Amalia Hawkins,,,,,"New York, New York",False,,['PennAppsTeam']
dstorch,David Storch,,,MongoDB,,"New York, NY",False,,[]
3rf,Kyle Erf,contact@kyleerf.com,Video game developer in NYC. Ex-Google. Ex-MongoDB. Former Golang expert. I have no idea why 600 people follow me on here.,Moving Pieces,www.kyleerf.com,New York City,False,,[]
dstorch,David Storch,,,MongoDB,,"New York, NY",False,,[]
dstorch,David Storch,,,MongoDB,,"New York, NY",False,,[]
dbmurphy,David Murphy,,,@percona ,,"Dublin,IE",False,,[]
christkv,Christian Amor Kvalheim,,,10Gen.com,http://www.christiankvalheim.com,"Barcelona, Spain",False,,[]
jaredlwong,Jared Wong,jaredlwong@gmail.com,,Pinterest,http://www.jaredlwong.com/,"San Francisco, CA",False,,[]
dstorch,David Storch,,,MongoDB,,"New York, NY",False,,[]
dstorch,David Storch,,,MongoDB,,"New York, NY",False,,[]
dstorch,David Storch,,,MongoDB,,"New York, NY",False,,[]
deafgoat,Wisdom Omuya,deafgoat@gmail.com,,,,New York,False,,[]
dstorch,David Storch,,,MongoDB,,"New York, NY",False,,[]
dstorch,David Storch,,,MongoDB,,"New York, NY",False,,[]
dstorch,David Storch,,,MongoDB,,"New York, NY",False,,[]
FrancescaK,Francesca Krihely,francesca@bowery.io,Developer Advocacy @MongoDB,MongoDB,,"New York, NY",False,,[]
TylerBrock,Tyler Brock,tyler.brock@gmail.com,CTO at @Hustle,"Hustle, Inc.",https://tylerbrock.com,"San Francisco, CA",False,,['Hustle']
TylerBrock,Tyler Brock,tyler.brock@gmail.com,CTO at @Hustle,"Hustle, Inc.",https://tylerbrock.com,"San Francisco, CA",False,,['Hustle']
dstorch,David Storch,,,MongoDB,,"New York, NY",False,,[]
TylerBrock,Tyler Brock,tyler.brock@gmail.com,CTO at @Hustle,"Hustle, Inc.",https://tylerbrock.com,"San Francisco, CA",False,,['Hustle']
TylerBrock,Tyler Brock,tyler.brock@gmail.com,CTO at @Hustle,"Hustle, Inc.",https://tylerbrock.com,"San Francisco, CA",False,,['Hustle']
vkarpov15,Valeri Karpov,val@karpov.io,"Web developer, blogger, author",Booster Fuels,http://www.thecodebarbarian.com,"Miami Beach, FL",False,,"['karma-runner', 'mochajs', 'mongodb-js', 'boosterfuels']"
dstorch,David Storch,,,MongoDB,,"New York, NY",False,,[]
hawka,Amalia Hawkins,,,,,"New York, New York",False,,['PennAppsTeam']
dstorch,David Storch,,,MongoDB,,"New York, NY",False,,[]
rps,Rich Parrish,richparrishx@gmail.com,,,http://www.richparrish.com/,"San Francisco, CA",False,,[]
TylerBrock,Tyler Brock,tyler.brock@gmail.com,CTO at @Hustle,"Hustle, Inc.",https://tylerbrock.com,"San Francisco, CA",False,,['Hustle']
dstorch,David Storch,,,MongoDB,,"New York, NY",False,,[]
deafgoat,Wisdom Omuya,deafgoat@gmail.com,,,,New York,False,,[]
tychoish,Sam Kleinman,,,,http://www.tychoish.com,"New York, NY",False,,"['10gen', 'mongodb', 'cyborginstitute', 'evergreen-ci']"
dstorch,David Storch,,,MongoDB,,"New York, NY",False,,[]
rajatchopra,Rajat Chopra,rajatchopra@gmail.com,,NVIDIA,,"Santa Clara, California",False,,[]
hawka,Amalia Hawkins,,,,,"New York, New York",True,milkie,['PennAppsTeam']
hawka,Amalia Hawkins,,,,,"New York, New York",False,,['PennAppsTeam']
TylerBrock,Tyler Brock,tyler.brock@gmail.com,CTO at @Hustle,"Hustle, Inc.",https://tylerbrock.com,"San Francisco, CA",False,,['Hustle']
dstorch,David Storch,,,MongoDB,,"New York, NY",False,,[]
shunwen,shunwen,hsiaoshunwen@gmail.com,,,,Taiwan,False,,[]
3rf,Kyle Erf,contact@kyleerf.com,Video game developer in NYC. Ex-Google. Ex-MongoDB. Former Golang expert. I have no idea why 600 people follow me on here.,Moving Pieces,www.kyleerf.com,New York City,False,,[]
hawka,Amalia Hawkins,,,,,"New York, New York",False,,['PennAppsTeam']
visualzhou,Siyuan Zhou,visualzhou@gmail.com,,MongoDB,,New York,False,,[]
dstorch,David Storch,,,MongoDB,,"New York, NY",False,,[]
visualzhou,Siyuan Zhou,visualzhou@gmail.com,,MongoDB,,New York,False,,[]
dstorch,David Storch,,,MongoDB,,"New York, NY",True,ehershey,[]
dstorch,David Storch,,,MongoDB,,"New York, NY",False,,[]
claytonhoefer,Clayton Hoefer,choefer@pmd.com,,,,"Seattle, WA",False,,[]
dstorch,David Storch,,,MongoDB,,"New York, NY",False,,[]
fgm,Frédéric G. MARAND,fgm@osinet.fr,,OSInet,https://blog.riff.org,France,False,,['OSInet']
ukd1,Russell Smith,,Co-founder of @rainforestapp with @fredsterss. Hacker. Lover of Crystal and Ruby. We're always hiring!,@rainforestapp ,https://www.rainforestqa.com/,"San Francisco, CA",False,,"['rainforestapp', 'coderwall-lemmings100', 'coderwall-charity', 'coderwall-forked', 'coderwall-forked20', 'coderwall-forked50', 'coderwall-nephilaKomaci', 'coderwall-nephilakomaci3', 'coderwall-octopussy', 'coderwall-polygamous']"
jameswahlin,James Wahlin,,,MongoDB Inc,,New York,True,milkie,[]
alonho,Alon Horev,alonho@gmail.com,,,http://alon.horev.net,Tel Aviv Israel,False,,[]
jpiche,Joseph J. Piché,,,Ackmann & Dickenson,http://jpiche.com/,"Minneapolis, MN",False,,[]
x,Devon Peticolas,devon.peticolas@gmail.com,"Data engineer. Vimer. Lisper. Burrito enthusiast.

Timezone may vary.",Oden Technologies,peticol.as,New York City,False,,[]
dstorch,David Storch,,,MongoDB,,"New York, NY",False,,[]
dstorch,David Storch,,,MongoDB,,"New York, NY",False,,[]
dstorch,David Storch,,,MongoDB,,"New York, NY",False,,[]
behackett,Bernie Hackett,,"Director of Engineering, Drivers and Server Tools at MongoDB","MongoDB, Inc.",,"Palo Alto, CA",False,,"['10gen', 'mongodb']"
dstorch,David Storch,,,MongoDB,,"New York, NY",True,dannenberg,[]
3rf,Kyle Erf,contact@kyleerf.com,Video game developer in NYC. Ex-Google. Ex-MongoDB. Former Golang expert. I have no idea why 600 people follow me on here.,Moving Pieces,www.kyleerf.com,New York City,False,,[]
3rf,Kyle Erf,contact@kyleerf.com,Video game developer in NYC. Ex-Google. Ex-MongoDB. Former Golang expert. I have no idea why 600 people follow me on here.,Moving Pieces,www.kyleerf.com,New York City,False,,[]
geoghegan,Nick Geoghegan,,,@airbnb,https://twitter.com/devxvda,"Dublin, Ireland",False,,[]
dstorch,David Storch,,,MongoDB,,"New York, NY",False,,[]
dstorch,David Storch,,,MongoDB,,"New York, NY",False,,[]
idning,Lin,,,,http://idning.github.io/,Bay area,False,,[]
3rf,Kyle Erf,contact@kyleerf.com,Video game developer in NYC. Ex-Google. Ex-MongoDB. Former Golang expert. I have no idea why 600 people follow me on here.,Moving Pieces,www.kyleerf.com,New York City,False,,[]
3rf,Kyle Erf,contact@kyleerf.com,Video game developer in NYC. Ex-Google. Ex-MongoDB. Former Golang expert. I have no idea why 600 people follow me on here.,Moving Pieces,www.kyleerf.com,New York City,False,,[]
visualzhou,Siyuan Zhou,visualzhou@gmail.com,,MongoDB,,New York,False,,[]
visualzhou,Siyuan Zhou,visualzhou@gmail.com,,MongoDB,,New York,False,,[]
erlichson,Andrew Erlichson,,,10gen,http://www.10gen.com,NYC,False,,[]
hawka,Amalia Hawkins,,,,,"New York, New York",False,,['PennAppsTeam']
3rf,Kyle Erf,contact@kyleerf.com,Video game developer in NYC. Ex-Google. Ex-MongoDB. Former Golang expert. I have no idea why 600 people follow me on here.,Moving Pieces,www.kyleerf.com,New York City,False,,[]
mikehcox,Michael H. Cox,,,BlueZoo Software,,"Albuquerque, NM",False,,[]
dribba,David Ribba,,,,,Canada,False,,[]
3rf,Kyle Erf,contact@kyleerf.com,Video game developer in NYC. Ex-Google. Ex-MongoDB. Former Golang expert. I have no idea why 600 people follow me on here.,Moving Pieces,www.kyleerf.com,New York City,False,,[]
3rf,Kyle Erf,contact@kyleerf.com,Video game developer in NYC. Ex-Google. Ex-MongoDB. Former Golang expert. I have no idea why 600 people follow me on here.,Moving Pieces,www.kyleerf.com,New York City,False,,[]
3rf,Kyle Erf,contact@kyleerf.com,Video game developer in NYC. Ex-Google. Ex-MongoDB. Former Golang expert. I have no idea why 600 people follow me on here.,Moving Pieces,www.kyleerf.com,New York City,False,,[]
3rf,Kyle Erf,contact@kyleerf.com,Video game developer in NYC. Ex-Google. Ex-MongoDB. Former Golang expert. I have no idea why 600 people follow me on here.,Moving Pieces,www.kyleerf.com,New York City,False,,[]
astral303,Oleg Rekutin,,,Evergage,http://36hz.com,"Somerville, MA",False,,[]
mohyt,Mohit Srivastava,srivastavamohit91@gmail.com,Software developer at Unscrambl India,@unscrambl ,,Bangalore,False,,[]
timn,Tim Niemueller,,Robot Software Engineer,X - The Moonshot Factory [Google X],https://www.niemueller.org,"Munich, Germany",False,,"['keplerproject', 'fawkesrobotics', 'robocup-logistics', 'robocup-industrial', 'carologistics']"
cxmcc,Xiuming Chen,cc@cxm.org,,,,San Francisco,False,,['limebike']
timn,Tim Niemueller,,Robot Software Engineer,X - The Moonshot Factory [Google X],https://www.niemueller.org,"Munich, Germany",False,,"['keplerproject', 'fawkesrobotics', 'robocup-logistics', 'robocup-industrial', 'carologistics']"
edaniels,Eric Daniels,eric@erdaniels.com,,"MongoDB, Inc.",https://erdaniels.com,"New York, NY",False,,"['10gen', 'mongodb', 'mongodb-labs', 'EpicGames']"
edaniels,Eric Daniels,eric@erdaniels.com,,"MongoDB, Inc.",https://erdaniels.com,"New York, NY",False,,"['10gen', 'mongodb', 'mongodb-labs', 'EpicGames']"
edaniels,Eric Daniels,eric@erdaniels.com,,"MongoDB, Inc.",https://erdaniels.com,"New York, NY",False,,"['10gen', 'mongodb', 'mongodb-labs', 'EpicGames']"
daveh86,David Hows,,,MongoDB,,Sydney,False,,[]
edaniels,Eric Daniels,eric@erdaniels.com,,"MongoDB, Inc.",https://erdaniels.com,"New York, NY",False,,"['10gen', 'mongodb', 'mongodb-labs', 'EpicGames']"
edaniels,Eric Daniels,eric@erdaniels.com,,"MongoDB, Inc.",https://erdaniels.com,"New York, NY",False,,"['10gen', 'mongodb', 'mongodb-labs', 'EpicGames']"
i80and,Andrew Aldridge,i80and@foxquill.com,,@mongodb,https://foxquill.com/,"Montclair, NJ",False,,"['alumNY', 'wolfbox']"
edaniels,Eric Daniels,eric@erdaniels.com,,"MongoDB, Inc.",https://erdaniels.com,"New York, NY",False,,"['10gen', 'mongodb', 'mongodb-labs', 'EpicGames']"
edaniels,Eric Daniels,eric@erdaniels.com,,"MongoDB, Inc.",https://erdaniels.com,"New York, NY",False,,"['10gen', 'mongodb', 'mongodb-labs', 'EpicGames']"
edaniels,Eric Daniels,eric@erdaniels.com,,"MongoDB, Inc.",https://erdaniels.com,"New York, NY",False,,"['10gen', 'mongodb', 'mongodb-labs', 'EpicGames']"
edaniels,Eric Daniels,eric@erdaniels.com,,"MongoDB, Inc.",https://erdaniels.com,"New York, NY",False,,"['10gen', 'mongodb', 'mongodb-labs', 'EpicGames']"
edaniels,Eric Daniels,eric@erdaniels.com,,"MongoDB, Inc.",https://erdaniels.com,"New York, NY",False,,"['10gen', 'mongodb', 'mongodb-labs', 'EpicGames']"
edaniels,Eric Daniels,eric@erdaniels.com,,"MongoDB, Inc.",https://erdaniels.com,"New York, NY",False,,"['10gen', 'mongodb', 'mongodb-labs', 'EpicGames']"
ukd1,Russell Smith,,Co-founder of @rainforestapp with @fredsterss. Hacker. Lover of Crystal and Ruby. We're always hiring!,@rainforestapp ,https://www.rainforestqa.com/,"San Francisco, CA",False,,"['rainforestapp', 'coderwall-lemmings100', 'coderwall-charity', 'coderwall-forked', 'coderwall-forked20', 'coderwall-forked50', 'coderwall-nephilaKomaci', 'coderwall-nephilakomaci3', 'coderwall-octopussy', 'coderwall-polygamous']"
guilhem,Guilhem Lettron,guilhem@barpilot.io,"SRE freelance / DevOps evangelist

@barpilot founder
",@barpilot ,https://twitter.com/guilhemlettron,Paris,False,,"['chocolatey', 'ceph', 'Youscribe', 'zabbix', 'prosody-modules', 'redguide', 'barpilot']"
nickstenning,Nick Stenning,,,@Microsoft ,https://whiteink.com,Berlin,False,,"['devfort', 'okfn', 'w3c', 'openannotation', 'microsoft', 'Azure', 'codessintheclassroom']"
gianpaj,Gianfrancø Palumbo,hi@gian.xyz,"Software developer and co-founder of Onova – Mobile marketplace of Ukrainian brands.
Download it on your iPhone or Android today.

Living in Ukraine 🇺🇦",Onova,https://onova.co,"Lviv, Ukraine",False,,[]
daveh86,David Hows,,,MongoDB,,Sydney,False,,[]
daveh86,David Hows,,,MongoDB,,Sydney,False,,[]
jmikola,Jeremy Mikola,jmikola@gmail.com,,MongoDB,http://jmikola.net,"Hoboken, NJ",False,,"['10gen', 'mongodb', 'doctrine', 'FriendsOfSymfony', 'reactphp']"
jsheely,Jonathan Sheely,jsheely@twentytech.net,,TwentyTech,http://twentytech.net,"Lancaster, PA",False,,[]
idank,Idan Kamara,,,,http://www.aleph.nu,San Francisco,False,,[]
Aricg,Aric Gardner,,,The Linux Foundation,https://aricgardner.com,Montreal,False,,[]
Aricg,Aric Gardner,,,The Linux Foundation,https://aricgardner.com,Montreal,False,,[]
Aricg,Aric Gardner,,,The Linux Foundation,https://aricgardner.com,Montreal,False,,[]
Aricg,Aric Gardner,,,The Linux Foundation,https://aricgardner.com,Montreal,False,,[]
Aricg,Aric Gardner,,,The Linux Foundation,https://aricgardner.com,Montreal,False,,[]
aheck,Andreas Heck,aheck@gmx.de,,,https://twitter.com/AndreasHeck1,"Karlsruhe, Germany",False,,[]
DmitryNaumov,Dmitry Naumov,,,Paladyne Systems,,"Saint-Petersburg, Russia",False,,[]
svetlyak40wt,Alexander Artemenko,,Founder of AllMyChanges.com and Ultralisp.org,Yandex,https://allmychanges.com,"Russia, Moscow",False,,"['40ants', 'AllMyChanges', 'weblocks-framework', 'ultralisp']"
rbrito,Rogério Brito,rbrito@ime.usp.br,,,http://cynic.cc/blog/,"São Paulo, Brazil",False,,['coursera-dl']
daveh86,David Hows,,,MongoDB,,Sydney,False,,[]
saifelse,Saif Hakim,,,Benchling,http://h4k.im,"San Francisco, CA",False,,['benchling']
johanhedin,Johan Hedin,,,,,Sweden,True,scotthernandez,[]
xiezhenye,Xie Zhenye,xiezhenye@gmail.com,世人都晓神仙好,Youzan,http://xiezhenye.com,Shanghai China,False,,[]
jcalvinowens,Calvin Owens,jcalvinowens@gmail.com,,@facebook ,,"San Francisco, CA",False,,[]
vlajos,Lajos Veres,,,,https://lajosveres.com/,London,False,,[]
syntion,Christoph,,,Universität Heidelberg,,"Heidelberg, Germany",False,,[]
cxmcc,Xiuming Chen,cc@cxm.org,,,,San Francisco,False,,['limebike']
base698,Justin Thomas,,,VDMS,,"Santa Monica, CA",False,,[]
cxmcc,Xiuming Chen,cc@cxm.org,,,,San Francisco,False,,['limebike']
KonishchevDmitry,Dmitry Konishchev,,,,https://linkedin.com/in/konishchev,Russia,False,,[]
KonishchevDmitry,Dmitry Konishchev,,,,https://linkedin.com/in/konishchev,Russia,False,,[]
stevebriskin,Steve Briskin,,,,,NYC,False,,[]
nubs,Spencer Rinehart,anubis@overthemonkey.com,,@keydotco ,http://overthemonkey.com,"Austin, TX",False,,['HyperJSON']
rueckstiess,Thomas Rückstieß,,,MongoDB @mongodb-js ,,"Sydney, Australia",False,,['mongodb-js']
vasmik,Vasily Mikryukov,,,RingCentral Inc.,,"Belmont, CA",False,,[]
TylerBrock,Tyler Brock,tyler.brock@gmail.com,CTO at @Hustle,"Hustle, Inc.",https://tylerbrock.com,"San Francisco, CA",False,,['Hustle']
TylerBrock,Tyler Brock,tyler.brock@gmail.com,CTO at @Hustle,"Hustle, Inc.",https://tylerbrock.com,"San Francisco, CA",True,milkie,['Hustle']
TylerBrock,Tyler Brock,tyler.brock@gmail.com,CTO at @Hustle,"Hustle, Inc.",https://tylerbrock.com,"San Francisco, CA",True,milkie,['Hustle']
thiagooak,Thiago Carvalho,thiago.oak@gmail.com,,@Wayfair,,Berlin,False,,[]
chergert,Christian Hergert,christian@hergert.me,"Old fart GNOME hacker. Formerly Mono, VMware, MongoDB, and others.

https://gitlab.gnome.org/chergert",Red Hat,https://gitlab.gnome.org/chergert,"Portland, OR",False,,[]
daveh86,David Hows,,,MongoDB,,Sydney,False,,[]
saml,Sam Lee,,,@jwplayer ,http://www.webscale.info/,"New York, NY",False,,[]
ignatz,Sebastian Jeltsch,,,,,"Zurich, CH",False,,[]
rozza,Ross Lawley,ross.lawley@gmail.com,,MongoDB,http://www.rosslawley.co.uk,United Kingdom,False,,"['10gen', 'mongodb']"
jameswahlin,James Wahlin,,,MongoDB Inc,,New York,True,RedBeard0531,[]
craiggwilson,Craig Wilson,,,MongoDB,http://craiggwilson.com,"Dallas, TX",True,stbrody,[]
asya999,Asya Kamsky,asya@kamsky.org,,@mongodb ,,"New York, NY",False,,['10gen']
christkv,Christian Amor Kvalheim,,,10Gen.com,http://www.christiankvalheim.com,"Barcelona, Spain",False,,[]
asya999,Asya Kamsky,asya@kamsky.org,,@mongodb ,,"New York, NY",True,monkey101,['10gen']
barriesegal,Barrie Segal,,,MongoDB,,NYC,False,,[]
barriesegal,Barrie Segal,,,MongoDB,,NYC,False,,[]
christkv,Christian Amor Kvalheim,,,10Gen.com,http://www.christiankvalheim.com,"Barcelona, Spain",False,,[]
christkv,Christian Amor Kvalheim,,,10Gen.com,http://www.christiankvalheim.com,"Barcelona, Spain",False,,[]
abdelouahabb,ALIANE Abdelouahab,abdelouahab_al@yahoo.fr,,,,Algeria,False,,[]
abdelouahabb,ALIANE Abdelouahab,abdelouahab_al@yahoo.fr,,,,Algeria,False,,[]
rozza,Ross Lawley,ross.lawley@gmail.com,,MongoDB,http://www.rosslawley.co.uk,United Kingdom,True,scotthernandez,"['10gen', 'mongodb']"
marians,Marian Steinbach,,Designing your experience with @giantswarm,Giant Swarm,https://www.sendung.de/,"Cologne, Germany",False,,"['KoelnAPI', 'giantswarm', 'cx-base', 'netzbegruenung']"
jmikola,Jeremy Mikola,jmikola@gmail.com,,MongoDB,http://jmikola.net,"Hoboken, NJ",False,,"['10gen', 'mongodb', 'doctrine', 'FriendsOfSymfony', 'reactphp']"
crumbjp,Hiroaki Kubota,hiroaki.kubota@mail.crumb.jp,,"Rakuten,inc",http://d.hatena.ne.jp/hiroppon/,Tokyo Japan,False,,"['roma', 'MongoDB-JP']"
TylerBrock,Tyler Brock,tyler.brock@gmail.com,CTO at @Hustle,"Hustle, Inc.",https://tylerbrock.com,"San Francisco, CA",False,,['Hustle']
daveh86,David Hows,,,MongoDB,,Sydney,False,,[]
stevebriskin,Steve Briskin,,,,,NYC,False,,[]
MathieuTurcotte,Mathieu Turcotte,turcotte.mat@gmail.com,,Google Inc.,mathieuturcotte.ca,New York,False,,[]
fvetsper,Felix Vetsper,fvetsper@gmail.com,,Check Point,,Tel Aviv,False,,[]
jameswahlin,James Wahlin,,,MongoDB Inc,,New York,False,,[]
kommit,Kommit,kommit@gmail.com,,,http://blog.loscomet.com,Beijing,False,,['REAPER-CN']
utaal,Andrea Lattuada,,,ETH Zürich,http://andrea.lattuada.me,"Zürich, Switzerland",True,RedBeard0531,['TimelyDataflow']
utaal,Andrea Lattuada,,,ETH Zürich,http://andrea.lattuada.me,"Zürich, Switzerland",True,IanWhalen,['TimelyDataflow']
daveh86,David Hows,,,MongoDB,,Sydney,True,IanWhalen,[]
utaal,Andrea Lattuada,,,ETH Zürich,http://andrea.lattuada.me,"Zürich, Switzerland",True,IanWhalen,['TimelyDataflow']
utaal,Andrea Lattuada,,,ETH Zürich,http://andrea.lattuada.me,"Zürich, Switzerland",True,IanWhalen,['TimelyDataflow']
utaal,Andrea Lattuada,,,ETH Zürich,http://andrea.lattuada.me,"Zürich, Switzerland",True,RedBeard0531,['TimelyDataflow']
utaal,Andrea Lattuada,,,ETH Zürich,http://andrea.lattuada.me,"Zürich, Switzerland",True,RedBeard0531,['TimelyDataflow']
utaal,Andrea Lattuada,,,ETH Zürich,http://andrea.lattuada.me,"Zürich, Switzerland",False,,['TimelyDataflow']
utaal,Andrea Lattuada,,,ETH Zürich,http://andrea.lattuada.me,"Zürich, Switzerland",False,,['TimelyDataflow']
glasser,David Glasser,glasser@davidglasser.net,,Meteor Development Group,http://flickr.com/photos/glasser/,"San Francisco, CA",False,,['meteor']
danieltahara,Daniel Tahara,,,Dropbox,linkedin.com/in/danieltahara,"San Francisco, CA",False,,['Yale-Hackers']
tychoish,Sam Kleinman,,,,http://www.tychoish.com,"New York, NY",True,IanWhalen,"['10gen', 'mongodb', 'cyborginstitute', 'evergreen-ci']"
derickr,Derick Rethans,github@derickrethans.nl,,,https://derickrethans.nl,"London, England",False,,['zetacomponents']
derickr,Derick Rethans,github@derickrethans.nl,,,https://derickrethans.nl,"London, England",True,IanWhalen,['zetacomponents']
daveh86,David Hows,,,MongoDB,,Sydney,True,IanWhalen,[]
pborreli,Pascal Borreli,pascal@borreli.com,"CEO of my life, CTO of my localhost, co-founder of my son and daughter, Symfony evangelist, impulsive typo fixer.",Les-Tilleuls.coop,http://twitter.com/pborreli,"Oujda, Morocco",False,,"['htty', 'coopTilleuls', 'coderwall-24PullRequestsParticipant', 'coderwall-24PullRequestsContinuous']"
daveh86,David Hows,,,MongoDB,,Sydney,False,,[]
daveh86,David Hows,,,MongoDB,,Sydney,True,IanWhalen,[]
daveh86,David Hows,,,MongoDB,,Sydney,False,,[]
RexMorgan,Rex Morgan,,,@DovetailSoftware ,https://rexflex.net/,"Austin, Texas",False,,['foilr']
daveh86,David Hows,,,MongoDB,,Sydney,False,,[]
daveh86,David Hows,,,MongoDB,,Sydney,False,,[]
daveh86,David Hows,,,MongoDB,,Sydney,False,,[]
svenstaro,Sven-Hendrik Haase,svenstaro@gmail.com,"Available for remote contracting.

Freelance consultant, Arch Linux developer, hobbyist game and graphics programmer.",,https://svenstaro.org,"Germany, Hamburg",False,,"['ducttape', 'archlinux', 'kuehne-nagel', 'ggez', 'actix']"
Kwasniewski,Joey Kwasniewski,kwasniewski@gmail.com,,,,"Concord, CA",False,,[]
Kwasniewski,Joey Kwasniewski,kwasniewski@gmail.com,,,,"Concord, CA",False,,[]
jamesblackburn,James Blackburn,jamesblackburn@gmail.com,,Man Group,http://jbblackburn.com,"London, UK",True,benety,[]
tychoish,Sam Kleinman,,,,http://www.tychoish.com,"New York, NY",True,IanWhalen,"['10gen', 'mongodb', 'cyborginstitute', 'evergreen-ci']"
zhemao,Howard Mao,,,,http://zhehaomao.com,"Berkeley, CA",True,tadmarshall,[]
crumbjp,Hiroaki Kubota,hiroaki.kubota@mail.crumb.jp,,"Rakuten,inc",http://d.hatena.ne.jp/hiroppon/,Tokyo Japan,False,,"['roma', 'MongoDB-JP']"
aheckmann,Aaron Heckmann,aaron.heckmann+github@gmail.com,,@paypal,http://twitter.com/aaronheckmann,"San Jose, CA",False,,"['nko', 'koajs']"
RedBeard0531,Mathias Stearn,redbeard0531@gmail.com,,,,NYC,False,,"['10gen', 'mongodb']"
tychoish,Sam Kleinman,,,,http://www.tychoish.com,"New York, NY",True,IanWhalen,"['10gen', 'mongodb', 'cyborginstitute', 'evergreen-ci']"
jmikola,Jeremy Mikola,jmikola@gmail.com,,MongoDB,http://jmikola.net,"Hoboken, NJ",False,,"['10gen', 'mongodb', 'doctrine', 'FriendsOfSymfony', 'reactphp']"
kalman5,Gaetano,mendola@gmail.com,Software Engineer at Bloomberg LP.,,,Switzerland,False,,[]
christkv,Christian Amor Kvalheim,,,10Gen.com,http://www.christiankvalheim.com,"Barcelona, Spain",False,,[]
guilhem,Guilhem Lettron,guilhem@barpilot.io,"SRE freelance / DevOps evangelist

@barpilot founder
",@barpilot ,https://twitter.com/guilhemlettron,Paris,False,,"['chocolatey', 'ceph', 'Youscribe', 'zabbix', 'prosody-modules', 'redguide', 'barpilot']"
kalman5,Gaetano,mendola@gmail.com,Software Engineer at Bloomberg LP.,,,Switzerland,False,,[]
hrldcpr,harold cooper,h@x.st,dilettante @recursecenter @mit,,https://x.st,nyc,False,,['heatseeknyc']
stevebriskin,Steve Briskin,,,,,NYC,True,IanWhalen,[]
aheckmann,Aaron Heckmann,aaron.heckmann+github@gmail.com,,@paypal,http://twitter.com/aaronheckmann,"San Jose, CA",True,IanWhalen,"['nko', 'koajs']"
joshprice,Josh Price,josh@alembic.com.au,,Alembic,https://alembic.com.au,"Sydney, Australia",False,,"['canoniq', 'graphql-elixir', 'graphql-cats', 'team-alembic']"
tychoish,Sam Kleinman,,,,http://www.tychoish.com,"New York, NY",True,milkie,"['10gen', 'mongodb', 'cyborginstitute', 'evergreen-ci']"
derickr,Derick Rethans,github@derickrethans.nl,,,https://derickrethans.nl,"London, England",False,,['zetacomponents']
jmikola,Jeremy Mikola,jmikola@gmail.com,,MongoDB,http://jmikola.net,"Hoboken, NJ",True,IanWhalen,"['10gen', 'mongodb', 'doctrine', 'FriendsOfSymfony', 'reactphp']"
davidagraf,David Graf,,,,,Zurich,False,,[]
davidagraf,David Graf,,,,,Zurich,False,,[]
zhemao,Howard Mao,,,,http://zhehaomao.com,"Berkeley, CA",False,,[]
zhemao,Howard Mao,,,,http://zhehaomao.com,"Berkeley, CA",False,,[]
zhemao,Howard Mao,,,,http://zhehaomao.com,"Berkeley, CA",True,IanWhalen,[]
zhemao,Howard Mao,,,,http://zhehaomao.com,"Berkeley, CA",False,,[]
zhemao,Howard Mao,,,,http://zhehaomao.com,"Berkeley, CA",False,,[]
dannenberg,Matt Dannenberg,,,"teachers pay teachers! (it's pretty wonderful here, let me know if you want a job)",,New York,False,,['alumNY']
lbehm,Ludwig Behm,,,,,Germany,False,,[]
dannenberg,Matt Dannenberg,,,"teachers pay teachers! (it's pretty wonderful here, let me know if you want a job)",,New York,False,,['alumNY']
dannenberg,Matt Dannenberg,,,"teachers pay teachers! (it's pretty wonderful here, let me know if you want a job)",,New York,False,,['alumNY']
dannenberg,Matt Dannenberg,,,"teachers pay teachers! (it's pretty wonderful here, let me know if you want a job)",,New York,False,,['alumNY']
dannenberg,Matt Dannenberg,,,"teachers pay teachers! (it's pretty wonderful here, let me know if you want a job)",,New York,False,,['alumNY']
dannenberg,Matt Dannenberg,,,"teachers pay teachers! (it's pretty wonderful here, let me know if you want a job)",,New York,False,,['alumNY']
dannenberg,Matt Dannenberg,,,"teachers pay teachers! (it's pretty wonderful here, let me know if you want a job)",,New York,False,,['alumNY']
weyrick,Shannon Weyrick,,"long time hacker. infrastructure, languages. engineering @ns1 ",NS1,https://ns1.com/,New York,False,,"['nsone', 'ns1']"
dannenberg,Matt Dannenberg,,,"teachers pay teachers! (it's pretty wonderful here, let me know if you want a job)",,New York,False,,['alumNY']
ghost,Deleted user,,"Hi, I'm @ghost! I take the place of user accounts that have been deleted.
:ghost:
",,,"Nothing to see here, move along.",False,,[]
ghost,Deleted user,,"Hi, I'm @ghost! I take the place of user accounts that have been deleted.
:ghost:
",,,"Nothing to see here, move along.",False,,[]
ghost,Deleted user,,"Hi, I'm @ghost! I take the place of user accounts that have been deleted.
:ghost:
",,,"Nothing to see here, move along.",False,,[]
dannenberg,Matt Dannenberg,,,"teachers pay teachers! (it's pretty wonderful here, let me know if you want a job)",,New York,False,,['alumNY']
waitman,Waitman Gobble (GH condolences program),waitman@waitman.net,"For Github alternatives, try Gitlab, or Gitea. 

Follow my projects on https://git.bsd.do/
",Waitman Gobble,https://git.bsd.do/,"Los Altos, California",False,,[]
weyrick,Shannon Weyrick,,"long time hacker. infrastructure, languages. engineering @ns1 ",NS1,https://ns1.com/,New York,False,,"['nsone', 'ns1']"
weyrick,Shannon Weyrick,,"long time hacker. infrastructure, languages. engineering @ns1 ",NS1,https://ns1.com/,New York,False,,"['nsone', 'ns1']"
ebroder,Evan Broder,evan@ebroder.net,,,http://ebroder.net,"San Francisco, CA",False,,['deathandmayhem']
waitman,Waitman Gobble (GH condolences program),waitman@waitman.net,"For Github alternatives, try Gitlab, or Gitea. 

Follow my projects on https://git.bsd.do/
",Waitman Gobble,https://git.bsd.do/,"Los Altos, California",False,,[]
zhemao,Howard Mao,,,,http://zhehaomao.com,"Berkeley, CA",False,,[]
derickr,Derick Rethans,github@derickrethans.nl,,,https://derickrethans.nl,"London, England",True,miketheman,['zetacomponents']
amcfague,Andrew McFague,redmumba@gmail.com,,@facebook ,,"Seattle, WA",False,,[]
lcapaldo,Logan Capaldo,,,,,"Norwalk, CT",False,,[]
amcfague,Andrew McFague,redmumba@gmail.com,,@facebook ,,"Seattle, WA",False,,[]
amcfague,Andrew McFague,redmumba@gmail.com,,@facebook ,,"Seattle, WA",False,,[]
amcfague,Andrew McFague,redmumba@gmail.com,,@facebook ,,"Seattle, WA",False,,[]
amcfague,Andrew McFague,redmumba@gmail.com,,@facebook ,,"Seattle, WA",False,,[]
JakubOboza,Jakub,jakub.oboza@gmail.com,,,http://lambdacu.be,London | Kraków,False,,[]
onyxmaster,Aristarkh Zagorodnikov,xm@drive.net,Tech lead at DRIVE2.RU,@drivenet ,http://xm.x-infinity.com/,"Moscow, Russia",False,,"['drivenet', 'dotnet-foundation']"
larroy,Pedro Larroy,pedro.larroy.lists@gmail.com,,@MXNetEdge ,https://www.linkedin.com/in/pedrolarroy/,"Palo Alto, California",False,,[]
tsavola,Timo Savola,timo.savola@iki.fi,,Ninchat,https://savo.la,"Helsinki, Finland",False,,"['somia', 'ninchat']"
mengz0,Meng Zhang,jammy.linux@gmail.com,,"Facebook, Inc",,Boston,False,,[]
chx007,陈绪元,,,,,福建省福州,False,,[]
TylerBrock,Tyler Brock,tyler.brock@gmail.com,CTO at @Hustle,"Hustle, Inc.",https://tylerbrock.com,"San Francisco, CA",True,sverch,['Hustle']
osheroff,Ben Osheroff,,,,https://shiba-sql.com,General Vagrancy,False,,[]
larroy,Pedro Larroy,pedro.larroy.lists@gmail.com,,@MXNetEdge ,https://www.linkedin.com/in/pedrolarroy/,"Palo Alto, California",False,,[]
osheroff,Ben Osheroff,,,,https://shiba-sql.com,General Vagrancy,False,,[]
larroy,Pedro Larroy,pedro.larroy.lists@gmail.com,,@MXNetEdge ,https://www.linkedin.com/in/pedrolarroy/,"Palo Alto, California",False,,[]
tychoish,Sam Kleinman,,,,http://www.tychoish.com,"New York, NY",True,erh,"['10gen', 'mongodb', 'cyborginstitute', 'evergreen-ci']"
rozza,Ross Lawley,ross.lawley@gmail.com,,MongoDB,http://www.rosslawley.co.uk,United Kingdom,True,cwestin,"['10gen', 'mongodb']"
derickr,Derick Rethans,github@derickrethans.nl,,,https://derickrethans.nl,"London, England",False,,['zetacomponents']
boivie,Victor Boivie,victor@boivie.com,,@google ,,Sweden,False,,"['google', 'GoogleCloudPlatform']"
nosh,Nosh Petigara,nosh@alum.mit.edu,,,http://noshpetigara.com,"New York, NY",False,,[]
djcsdy,Daniel Cassidy,mail@danielcassidy.me.uk,,@softwareventures,http://www.danielcassidy.me.uk/,"Cambridge, UK",True,tadmarshall,"['dcgw', 'whirlwind-match', 'haxenme', 'softwareventures']"
weyrick,Shannon Weyrick,,"long time hacker. infrastructure, languages. engineering @ns1 ",NS1,https://ns1.com/,New York,False,,"['nsone', 'ns1']"
djcsdy,Daniel Cassidy,mail@danielcassidy.me.uk,,@softwareventures,http://www.danielcassidy.me.uk/,"Cambridge, UK",False,,"['dcgw', 'whirlwind-match', 'haxenme', 'softwareventures']"
tanakh,Hideyuki Tanaka,tanaka.hideyuki@gmail.com,,PEZY Computing,http://tanakh.jp,Tokyo,False,,"['msgpack', 'jubatus']"
tedb,Ted B,,,,https://tedb.us,South Carolina,False,,[]
wpjunior,Wilson Júnior,wilsonpjunior@gmail.com,,Globo.com,http://wpjunior.github.com,Rio de Janeiro / Brazil,False,,"['globocom', 'MongoEngine', 'backstage']"
cathoderay,Ronald Andreu Kaiser,raios.catodicos@gmail.com,I'm always learning...,,changingbit.blogspot.com,"Oslo, Norway",False,,[]
cathoderay,Ronald Andreu Kaiser,raios.catodicos@gmail.com,I'm always learning...,,changingbit.blogspot.com,"Oslo, Norway",True,tadmarshall,[]
larroy,Pedro Larroy,pedro.larroy.lists@gmail.com,,@MXNetEdge ,https://www.linkedin.com/in/pedrolarroy/,"Palo Alto, California",False,,[]
ukd1,Russell Smith,,Co-founder of @rainforestapp with @fredsterss. Hacker. Lover of Crystal and Ruby. We're always hiring!,@rainforestapp ,https://www.rainforestqa.com/,"San Francisco, CA",False,,"['rainforestapp', 'coderwall-lemmings100', 'coderwall-charity', 'coderwall-forked', 'coderwall-forked20', 'coderwall-forked50', 'coderwall-nephilaKomaci', 'coderwall-nephilakomaci3', 'coderwall-octopussy', 'coderwall-polygamous']"
jhuntwork,Jeremy Huntwork,jhuntwork@lightcube.us,,,,"New York, NY",False,,[]
jhuntwork,Jeremy Huntwork,jhuntwork@lightcube.us,,,,"New York, NY",False,,[]
hoffrocket,Jon Hoffman,,,Redesign Health,,"New York, NY",True,erh,"['lift', 'scalaj']"
presbrey,,,,,http://presbrey.mit.edu,MIT,True,miketheman,[]
ghost,Deleted user,,"Hi, I'm @ghost! I take the place of user accounts that have been deleted.
:ghost:
",,,"Nothing to see here, move along.",False,,[]
ukd1,Russell Smith,,Co-founder of @rainforestapp with @fredsterss. Hacker. Lover of Crystal and Ruby. We're always hiring!,@rainforestapp ,https://www.rainforestqa.com/,"San Francisco, CA",True,miketheman,"['rainforestapp', 'coderwall-lemmings100', 'coderwall-charity', 'coderwall-forked', 'coderwall-forked20', 'coderwall-forked50', 'coderwall-nephilaKomaci', 'coderwall-nephilakomaci3', 'coderwall-octopussy', 'coderwall-polygamous']"
tadmarshall,Tad Marshall,,,Digital Nomad,http://www.linkedin.com/in/tadmarshall,Seattle,True,erh,[]
tadmarshall,Tad Marshall,,,Digital Nomad,http://www.linkedin.com/in/tadmarshall,Seattle,False,,[]
tadmarshall,Tad Marshall,,,Digital Nomad,http://www.linkedin.com/in/tadmarshall,Seattle,True,erh,[]
tadmarshall,Tad Marshall,,,Digital Nomad,http://www.linkedin.com/in/tadmarshall,Seattle,True,erh,[]
tadmarshall,Tad Marshall,,,Digital Nomad,http://www.linkedin.com/in/tadmarshall,Seattle,False,,[]
tadmarshall,Tad Marshall,,,Digital Nomad,http://www.linkedin.com/in/tadmarshall,Seattle,False,,[]
tadmarshall,Tad Marshall,,,Digital Nomad,http://www.linkedin.com/in/tadmarshall,Seattle,False,,[]
tadmarshall,Tad Marshall,,,Digital Nomad,http://www.linkedin.com/in/tadmarshall,Seattle,False,,[]
tadmarshall,Tad Marshall,,,Digital Nomad,http://www.linkedin.com/in/tadmarshall,Seattle,True,erh,[]
tadmarshall,Tad Marshall,,,Digital Nomad,http://www.linkedin.com/in/tadmarshall,Seattle,True,erh,[]
tadmarshall,Tad Marshall,,,Digital Nomad,http://www.linkedin.com/in/tadmarshall,Seattle,True,erh,[]
tadmarshall,Tad Marshall,,,Digital Nomad,http://www.linkedin.com/in/tadmarshall,Seattle,False,,[]
leejo,Lee J,,,,http://leejo.github.io,"Vaud, Switzerland",False,,"['perl6', 'Act-Conferences', 'LondonPM', 'Humanstate']"
tadmarshall,Tad Marshall,,,Digital Nomad,http://www.linkedin.com/in/tadmarshall,Seattle,False,,[]
tadmarshall,Tad Marshall,,,Digital Nomad,http://www.linkedin.com/in/tadmarshall,Seattle,True,erh,[]
vrtx,Ben Becker,benjamin.becker@gmail.com,,,vrtx0.com,"Cambridge, MA",True,tadmarshall,[]
vrtx,Ben Becker,benjamin.becker@gmail.com,,,vrtx0.com,"Cambridge, MA",True,astaple,[]
nosh,Nosh Petigara,nosh@alum.mit.edu,,,http://noshpetigara.com,"New York, NY",True,brandondiamond,[]
tadmarshall,Tad Marshall,,,Digital Nomad,http://www.linkedin.com/in/tadmarshall,Seattle,False,,[]
tadmarshall,Tad Marshall,,,Digital Nomad,http://www.linkedin.com/in/tadmarshall,Seattle,False,,[]
tadmarshall,Tad Marshall,,,Digital Nomad,http://www.linkedin.com/in/tadmarshall,Seattle,False,,[]
tadmarshall,Tad Marshall,,,Digital Nomad,http://www.linkedin.com/in/tadmarshall,Seattle,False,,[]
tadmarshall,Tad Marshall,,,Digital Nomad,http://www.linkedin.com/in/tadmarshall,Seattle,False,,[]
tadmarshall,Tad Marshall,,,Digital Nomad,http://www.linkedin.com/in/tadmarshall,Seattle,False,,[]
tadmarshall,Tad Marshall,,,Digital Nomad,http://www.linkedin.com/in/tadmarshall,Seattle,False,,[]
reidmorrison,Reid Morrison,reidmo@gmail.com,"Hands on Software Architect, Open Source Developer, focused on massive web applications using Elixir and Ruby.","Clarity Services, Inc.",,"Tampa, FL, USA",False,,"['ClarityServices', 'rocketjob']"
rnrn,Radik,,,,,Nizhnevartovsk,False,,[]
mbj,Markus Schirp,mbj@schirp-dso.com,Dynamic language exorcist.,/proc/self,https://twitter.com/_m_b_j_,/dev/urandom,False,,['datamapper']
pc,Patrick Collison,,I type things at Stripe.,Stripe,http://patrickcollison.com,San Francisco,False,,[]
flaper87,Flavio Percoco,flaper87@flaper87.org,,Elastic,http://www.flaper87.com,Italy,False,,"['django-nonrel', 'redhat-openstack', 'xk0', 'mongodb-es', 'kubernetes', 'kubernetes-sigs']"
ukd1,Russell Smith,,Co-founder of @rainforestapp with @fredsterss. Hacker. Lover of Crystal and Ruby. We're always hiring!,@rainforestapp ,https://www.rainforestqa.com/,"San Francisco, CA",True,erh,"['rainforestapp', 'coderwall-lemmings100', 'coderwall-charity', 'coderwall-forked', 'coderwall-forked20', 'coderwall-forked50', 'coderwall-nephilaKomaci', 'coderwall-nephilakomaci3', 'coderwall-octopussy', 'coderwall-polygamous']"
nickbruun,Nick Bruun,,Head nerd at @audacious-io. Former CTO of @Iconfinder.,@audacious-io ,http://bruun.co/,"Los Angeles, CA",False,,['23']
nhooey,Neil Hooey,nhooey@gmail.com,Full stack engineer with experience in Search and DevOps.,,,"Toronto, Ontario, Canada",False,,[]
boivie,Victor Boivie,victor@boivie.com,,@google ,,Sweden,False,,"['google', 'GoogleCloudPlatform']"
dannenberg,Matt Dannenberg,,,"teachers pay teachers! (it's pretty wonderful here, let me know if you want a job)",,New York,False,,['alumNY']
dannenberg,Matt Dannenberg,,,"teachers pay teachers! (it's pretty wonderful here, let me know if you want a job)",,New York,False,,['alumNY']
dannenberg,Matt Dannenberg,,,"teachers pay teachers! (it's pretty wonderful here, let me know if you want a job)",,New York,False,,['alumNY']
dannenberg,Matt Dannenberg,,,"teachers pay teachers! (it's pretty wonderful here, let me know if you want a job)",,New York,False,,['alumNY']
acmorrow,Andrew C. Morrow,andrew.c.morrow@gmail.com,,MongoDB,http://www.linkedin.com/in/andrewmorrow,NYC,False,,[]
Keruspe,Marc-Antoine Perennou,Marc-Antoine@Perennou.com,SRE @CleverCloud and @Exherbo core developer.,Clever Cloud,http://www.imagination-land.org/,Nantes,False,,"['CleverCloud', 'imie-source', 'Exherbo', 'sozu-proxy', 'CleverCloudDemos']"
dannenberg,Matt Dannenberg,,,"teachers pay teachers! (it's pretty wonderful here, let me know if you want a job)",,New York,False,,['alumNY']
Keruspe,Marc-Antoine Perennou,Marc-Antoine@Perennou.com,SRE @CleverCloud and @Exherbo core developer.,Clever Cloud,http://www.imagination-land.org/,Nantes,False,,"['CleverCloud', 'imie-source', 'Exherbo', 'sozu-proxy', 'CleverCloudDemos']"
dannenberg,Matt Dannenberg,,,"teachers pay teachers! (it's pretty wonderful here, let me know if you want a job)",,New York,False,,['alumNY']
dannenberg,Matt Dannenberg,,,"teachers pay teachers! (it's pretty wonderful here, let me know if you want a job)",,New York,True,kchodorow,['alumNY']
chtitux,Théophile Helleboid - chtitux,chtitux@gmail.com,,,http://chtitux.org/,France,False,,['trainline-eu']
dannenberg,Matt Dannenberg,,,"teachers pay teachers! (it's pretty wonderful here, let me know if you want a job)",,New York,False,,['alumNY']
dannenberg,Matt Dannenberg,,,"teachers pay teachers! (it's pretty wonderful here, let me know if you want a job)",,New York,False,,['alumNY']
dannenberg,Matt Dannenberg,,,"teachers pay teachers! (it's pretty wonderful here, let me know if you want a job)",,New York,False,,['alumNY']
dannenberg,Matt Dannenberg,,,"teachers pay teachers! (it's pretty wonderful here, let me know if you want a job)",,New York,False,,['alumNY']
dannenberg,Matt Dannenberg,,,"teachers pay teachers! (it's pretty wonderful here, let me know if you want a job)",,New York,False,,['alumNY']
dannenberg,Matt Dannenberg,,,"teachers pay teachers! (it's pretty wonderful here, let me know if you want a job)",,New York,False,,['alumNY']
dannenberg,Matt Dannenberg,,,"teachers pay teachers! (it's pretty wonderful here, let me know if you want a job)",,New York,True,kchodorow,['alumNY']
dannenberg,Matt Dannenberg,,,"teachers pay teachers! (it's pretty wonderful here, let me know if you want a job)",,New York,False,,['alumNY']
dannenberg,Matt Dannenberg,,,"teachers pay teachers! (it's pretty wonderful here, let me know if you want a job)",,New York,False,,['alumNY']
dannenberg,Matt Dannenberg,,,"teachers pay teachers! (it's pretty wonderful here, let me know if you want a job)",,New York,False,,['alumNY']
dannenberg,Matt Dannenberg,,,"teachers pay teachers! (it's pretty wonderful here, let me know if you want a job)",,New York,True,kchodorow,['alumNY']
dannenberg,Matt Dannenberg,,,"teachers pay teachers! (it's pretty wonderful here, let me know if you want a job)",,New York,False,,['alumNY']
tarttelin,Chris Tarttelin,chris@tarttelin.co.uk,,PyRuby,www.pyruby.com,Reading,False,,[]
spf13,Steve Francia,steve.francia@gmail.com,"@golang product lead at @google • Author, Speaker, Developer • Creator of @gohugoio, Cobra, Viper & spf13-vim • former @docker & @mongodb",@Google,http://spf13.com,NYC,True,erh,"['google', 'GoogleCloudPlatform', 'coderwall-lemmings1000', 'coderwall-lemmings100', 'coderwall-beaver', 'coderwall-charity', 'coderwall-forked', 'coderwall-forked100', 'coderwall-forked20', 'coderwall-forked50', 'coderwall-mongoose', 'coderwall-nephilaKomaci', 'coderwall-python', 'coderwall-polygamous']"
cangove,Chris Angove,chris.w.angove@gmail.com,,Spotify,,"New York, NY",False,,['spotify']
dannenberg,Matt Dannenberg,,,"teachers pay teachers! (it's pretty wonderful here, let me know if you want a job)",,New York,True,kchodorow,['alumNY']
dannenberg,Matt Dannenberg,,,"teachers pay teachers! (it's pretty wonderful here, let me know if you want a job)",,New York,True,erh,['alumNY']
lqs,Liu Qishuai,lqs@lqs.me,,,https://lqs.me,Beijing,False,,[]
JensRantil,Jens Rantil,jens.rantil@gmail.com,"Swedish/English, backend engineer (@tink), engineering mathematics, traveller, nerd, juggler, guitar/african drum player. Inspired Swede.",Tink AB,http://jensrantil.github.io,"Stockholm, Sweden",True,erh,"['zeromq', 'any-migrate']"
mattbillenstein,Matt Billenstein,matt@vazor.com,,,http://vazor.com,"San Francisco, CA",False,,[]
stulentsev,Sergio Tulentsev,sergei.tulentsev@gmail.com,,@textmaster ,http://tech.tulentsev.com,"Rio de Janeiro, Brazil",False,,[]
stulentsev,Sergio Tulentsev,sergei.tulentsev@gmail.com,,@textmaster ,http://tech.tulentsev.com,"Rio de Janeiro, Brazil",False,,[]
stulentsev,Sergio Tulentsev,sergei.tulentsev@gmail.com,,@textmaster ,http://tech.tulentsev.com,"Rio de Janeiro, Brazil",False,,[]
s4y,Sidney San Martín,,,@google,https://s4y.us/,New York City,False,,"['nko2', 'recursecenter', 'google', 'nko3', 'CoordinatedHackers', 'nko4', 'neutralNetwork', 'edgi-govdata-archiving', 'living-room']"
s4y,Sidney San Martín,,,@google,https://s4y.us/,New York City,False,,"['nko2', 'recursecenter', 'google', 'nko3', 'CoordinatedHackers', 'nko4', 'neutralNetwork', 'edgi-govdata-archiving', 'living-room']"
redmeadowman,Daris A Nevil,dnevil@intrusion.com,Senior Software Engineer at Intrusion Inc since 2002,Intrusion Inc,http://www.intrusion.com,"Dallas, Texas",False,,[]
paul,Paul Sadauskas,psadauskas@gmail.com,,@TextUsBiz  ,http://blog.theamazingrando.com,"Boulder, CO",False,,['tychoapp']
adrien-mogenet,Adrien Mogenet,adrien.mogenet@gmail.com,Engineering Manager of the Recommendations team at @indeedeng,@indeedeng,http://mogenet.me,"Tokyo, Japan",False,,[]
adrien-mogenet,Adrien Mogenet,adrien.mogenet@gmail.com,Engineering Manager of the Recommendations team at @indeedeng,@indeedeng,http://mogenet.me,"Tokyo, Japan",False,,[]
petdance,Andy Lester,andy@petdance.com,I wrote ack. I maintain bobby-tables.com. I do Perl stuff.,,http://petdance.com/,"McHenry, IL",True,,['Perl-Critic']
joshrotenberg,josh rotenberg,,"hi, i'm josh.",,http://www.joshrotenberg.com,"albany, ca",False,,[]
JDonner,Jeff Donner,jeffrey.donner@gmail.com,,,,San Mateo CA,False,,[]
JDonner,Jeff Donner,jeffrey.donner@gmail.com,,,,San Mateo CA,False,,[]
bgianfo,Brian Gianforcaro,b.gianfo@gmail.com,,@microsoft,http://bjg.io,"Seattle, WA",False,,['microsoft']
ghost,Deleted user,,"Hi, I'm @ghost! I take the place of user accounts that have been deleted.
:ghost:
",,,"Nothing to see here, move along.",False,,[]
bgianfo,Brian Gianforcaro,b.gianfo@gmail.com,,@microsoft,http://bjg.io,"Seattle, WA",False,,['microsoft']
Kernald,Marc Plano-Lesay,marc.planolesay@gmail.com,,@google ,http://enoent.fr,"Sydney, Australia",False,,['Pixelized']
TonyGen,Tony Hannan,AnthonyHannan@gmail.com,,,,NYC,False,,[]
zippy1981,Justin Dearing,zippy1981 at google mail,,Zippysoft Consulting,http://www.justaprogrammer.net/profile/justin,"Cranford, NJ",False,,"['justaprogrammer', 'LIPHP', 'FarManager', 'NYNJ-Winternals', 'TrackMyQuery']"
mapleoin,Ionuț Arțăriși,,save the bees,,https://mapleoin.github.io,"London, UK",False,,"['openSUSE', 'osperlabs']"
